record_id,hospitalid,reporting_month,phase,stakeholders_qi_team___1,stakeholders_qi_team___2,stakeholders_qi_team___3,stakeholders_qi_team___4,stakeholders_qi_team___5,stakeholders_qi_team___6,stakeholders_qi_team___7,stakeholders_qi_team___8,stakeholders_qi_team___9,stakeholders_qi_team___10,stakeholders_qi_team___11,other_stakeholder,inpatient_iuds,iud_specify___1,iud_specify___2,iud_specify___3,iud_specify___4,iud_specify___5,iud_specify___6,other_iud,inpatient_implant,larc_availability,larc_device,postpartum_iud_protocols,depts_iud_protocol___1,depts_iud_protocol___2,depts_iud_protocol___3,depts_iud_protocol___4,depts_iud_protocol___5,depts_iud_protocol___6,other_dept_iud,postpartum_implant_prot,depts_implant_protocol___1,depts_implant_protocol___2,depts_implant_protocol___3,depts_implant_protocol___4,depts_implant_protocol___5,depts_implant_protocol___6,other_dept_implant,larc_340b,iud_billingcodes,implant_billingcodes,billing_payer___1,billing_payer___2,billing_payer___3,private_insurer___1,private_insurer___2,private_insurer___3,private_insurer___4,private_insurer___5,private_insurer___6,private_insurer___7,private_insurer___8,private_insurer___9,other_privateinsur,billed_devicesplaced,reimbursement___1,reimbursement___2,reimbursement___3,reimbursement___4,reimbursement___5,reimbursement___6,specific_mco,specific_privatepayer,device_iud_tracking,device_tracking_where___1,device_tracking_where___2,device_tracking_where___3,device_tracking_where___4,device_tracking_where___5,other_tracking,iud_revisions___1,iud_revisions___2,iud_revisions___3,iud_revisions___4,iud_revisions___5,iud_revisions___6,iud_revisions___7,other_iud_revisions,device_implant_tracking,device_tracking_where2___1,device_tracking_where2___2,device_tracking_where2___3,device_tracking_where2___4,device_tracking_where2___5,other_tracking2,implant_revisions___1,implant_revisions___2,implant_revisions___3,implant_revisions___4,implant_revisions___5,implant_revisions___6,implant_revisions___7,other_implant_revision,number_sites,education,number_site_education,standard_education,communication_plan,comm_strategy,percent_trained_iplarc,percent_iplarc_iudplace,percent_iplarc_implant,nurse_training,lactationconsult_training,socialworkers_training,deliveries,active_larc,active_larc_yes,iuds,implants,number_prenatal,number_prenatal_no,number_prenatal_record,number_deliveryadmiss,sustainability,iplarc_complete
1368-1,34,3,,1,0,1,1,1,1,1,1,0,0,0,,2,0,0,0,0,0,0,,2,2,,2,0,0,0,0,0,0,,2,0,0,0,0,0,0,,1,2,2,0,0,0,0,0,0,0,0,0,0,0,0,,2,0,0,0,0,1,0,,,1,0,0,0,0,0,,0,0,0,0,0,0,0,,1,0,0,0,0,0,,0,0,0,0,0,0,0,,6,0,,0,2,,90,90,90,90,0,0,284,0,,,,,,,,,2
1368-2,34,4,,1,0,1,1,1,1,1,1,0,0,0,,2,0,0,0,0,0,0,,2,2,,2,0,0,0,0,0,0,,2,0,0,0,0,0,0,,1,2,2,0,0,0,0,0,0,0,0,0,0,0,0,,2,0,0,0,0,1,0,,,2,0,0,0,0,0,,0,0,0,0,0,0,0,,2,0,0,0,0,0,,0,0,0,0,0,0,0,,6,0,,0,2,,90,20,20,90,0,0,276,0,,,,,,,,,2
1368-3,34,5,,1,0,1,1,1,1,1,1,0,0,0,,2,0,0,0,0,0,0,,2,2,,2,0,0,0,0,0,0,,2,0,0,0,0,0,0,,1,2,2,0,0,0,0,0,0,0,0,0,0,0,0,,2,0,0,0,0,1,0,,,2,0,0,0,0,0,,0,0,0,0,0,0,0,,2,0,0,0,0,0,,0,0,0,0,0,0,0,,6,0,,0,2,,90,20,20,90,0,0,263,0,,,,,,,,,2
1368-4,34,1,,1,0,1,1,1,1,1,1,0,0,0,,2,0,0,0,0,0,0,,2,2,,1,0,0,0,0,0,0,,1,0,0,0,0,0,0,,1,2,2,0,0,0,0,0,0,0,0,0,0,0,0,,2,0,0,0,0,1,0,,,2,0,0,0,0,0,,0,0,0,0,0,0,0,,2,0,0,0,0,0,,0,0,0,0,0,0,0,,6,0,,0,2,,90,0,0,90,0,0,241,0,,,,,,,,,2
1368-5,34,2,,1,0,1,1,1,1,1,1,0,0,0,,2,0,0,0,0,0,0,,2,2,,2,0,0,0,0,0,0,,2,0,0,0,0,0,0,,1,2,2,0,0,0,0,0,0,0,0,0,0,0,0,,2,0,0,0,0,1,0,,,2,0,0,0,0,0,,0,0,0,0,0,0,0,,2,0,0,0,0,0,,0,0,0,0,0,0,0,,6,0,,0,2,,90,90,90,90,0,0,240,0,,,,,,,,,2
1368-6,34,6,,1,0,1,1,1,1,1,1,0,0,0,,2,0,0,0,0,0,0,,2,2,,2,0,0,0,0,0,0,,2,0,0,0,0,0,0,,1,2,2,0,0,0,0,0,0,0,0,0,0,0,0,,2,0,0,0,0,1,0,,,2,0,0,0,0,0,,0,0,0,0,0,0,0,,2,0,0,0,0,0,,0,0,0,0,0,0,0,,6,0,,0,2,,90,20,20,90,0,0,248,0,,,,,,,,,2
1368-7,34,7,,1,0,1,1,1,1,1,1,0,0,0,,2,0,0,0,0,0,0,,2,2,,2,0,0,0,0,0,0,,2,0,0,0,0,0,0,,1,2,2,0,0,0,0,0,0,0,0,0,0,0,0,,2,0,0,0,0,1,0,,,2,0,0,0,0,0,,0,0,0,0,0,0,0,,2,0,0,0,0,0,,0,0,0,0,0,0,0,,6,0,,0,2,,20,20,20,90,90,0,241,0,,,,,,,,,2
1368-8,34,8,,1,0,1,1,1,1,1,1,0,0,0,,2,0,0,0,0,0,0,,2,2,,2,0,0,0,0,0,0,,2,0,0,0,0,0,0,,1,2,2,0,0,0,0,0,0,0,0,0,0,0,0,,2,0,0,0,0,1,0,,,2,0,0,0,0,0,,0,0,0,0,0,0,0,,2,0,0,0,0,0,,0,0,0,0,0,0,0,,6,0,,0,2,,20,20,20,90,0,0,221,0,,,,,,,,,2
1368-9,34,9,,1,0,1,1,1,1,1,1,0,0,0,,2,0,0,0,0,0,0,,2,2,,2,0,0,0,0,0,0,,2,0,0,0,0,0,0,,1,2,2,0,0,0,0,0,0,0,0,0,0,0,0,,2,0,0,0,0,1,0,,,2,0,0,0,0,0,,0,0,0,0,0,0,0,,2,0,0,0,0,0,,0,0,0,0,0,0,0,,6,0,,0,2,,20,20,20,90,90,0,249,0,,,,,,,,,2
1368-10,34,10,,1,0,1,1,1,1,1,1,0,0,0,,2,0,0,0,0,0,0,,2,2,,2,0,0,0,0,0,0,,2,0,0,0,0,0,0,,1,2,2,0,0,0,0,0,0,0,0,0,0,0,0,,2,0,0,0,0,1,0,,,2,0,0,0,0,0,,0,0,0,0,0,0,0,,2,0,0,0,0,0,,0,0,0,0,0,0,0,,6,0,,0,2,,20,20,20,90,90,0,231,0,,,,,,,,,2
1368-11,34,11,,1,0,1,1,1,1,1,1,0,0,0,,2,0,0,0,0,0,0,,2,2,,2,0,0,0,0,0,0,,2,0,0,0,0,0,0,,1,2,2,0,0,0,0,0,0,0,0,0,0,0,0,,2,0,0,0,0,1,0,,,2,0,0,0,0,0,,0,0,0,0,0,0,0,,2,0,0,0,0,0,,0,0,0,0,0,0,0,,6,0,,0,2,,20,20,20,90,90,0,234,0,,,,,,,,,2
1368-12,34,12,,1,0,1,1,1,1,1,1,0,0,0,,2,0,0,0,0,0,0,,2,2,,2,0,0,0,0,0,0,,2,0,0,0,0,0,0,,1,2,2,0,0,0,0,0,0,0,0,0,0,0,0,,2,0,0,0,0,1,0,,,2,0,0,0,0,0,,0,0,0,0,0,0,0,,2,0,0,0,0,0,,0,0,0,0,0,0,0,,6,0,,0,2,,20,20,20,90,90,0,238,0,,,,,,,,,2
1368-13,34,13,,1,0,1,1,1,1,1,1,0,0,0,,2,0,0,0,0,0,0,,2,2,,2,0,0,0,0,0,0,,2,0,0,0,0,0,0,,1,2,2,0,0,0,0,0,0,0,0,0,0,0,0,,2,0,0,0,0,1,0,,,2,0,0,0,0,0,,0,0,0,0,0,0,0,,2,0,0,0,0,0,,0,0,0,0,0,0,0,,6,0,,0,2,,20,20,20,90,90,0,216,0,,,,,,,,,2
1368-14,34,14,,1,0,1,1,1,1,1,1,0,0,0,,2,0,0,0,0,0,0,,2,2,,2,0,0,0,0,0,0,,2,0,0,0,0,0,0,,1,2,2,0,0,0,0,0,0,0,0,0,0,0,0,,2,0,0,0,0,1,0,,,2,0,0,0,0,0,,0,0,0,0,0,0,0,,2,0,0,0,0,0,,0,0,0,0,0,0,0,,6,0,,0,2,,20,20,20,90,90,0,255,0,,,,,,,,,2
1368-15,34,15,,1,0,1,1,1,1,1,1,0,0,0,,2,0,0,0,0,0,0,,2,2,,2,0,0,0,0,0,0,,2,0,0,0,0,0,0,,1,2,2,0,0,0,0,0,0,0,0,0,0,0,0,,2,0,0,0,0,1,0,,,2,0,0,0,0,0,,0,0,0,0,0,0,0,,2,0,0,0,0,0,,0,0,0,0,0,0,0,,6,0,,0,2,,20,20,20,90,90,0,252,0,,,,,,,,,2
1368-16,34,16,,1,0,1,1,1,1,1,1,0,0,0,,2,0,0,0,0,0,0,,2,2,,2,0,0,0,0,0,0,,2,0,0,0,0,0,0,,1,2,2,0,0,0,0,0,0,0,0,0,0,0,0,,2,0,0,0,0,1,0,,,2,0,0,0,0,0,,0,0,0,0,0,0,0,,2,0,0,0,0,0,,0,0,0,0,0,0,0,,6,0,,0,2,,20,20,20,90,90,0,245,0,,,,,,,,,2
1368-17,34,17,,1,0,1,1,1,1,1,1,0,0,0,,2,0,0,0,0,0,0,,2,2,,2,0,0,0,0,0,0,,2,0,0,0,0,0,0,,1,2,2,0,0,0,0,0,0,0,0,0,0,0,0,,2,0,0,0,0,1,0,,,2,0,0,0,0,0,,0,0,0,0,0,0,0,,2,0,0,0,0,0,,0,0,0,0,0,0,0,,6,0,,0,2,,20,20,20,90,90,0,243,0,,,,,,,,,2
1368-18,34,18,1,1,0,1,1,1,1,1,1,0,0,0,,2,0,0,0,0,0,0,,2,2,,2,0,0,0,0,0,0,,2,0,0,0,0,0,0,,1,2,2,0,0,0,0,0,0,0,0,0,0,0,0,,2,0,0,0,0,1,0,,,2,0,0,0,0,0,,0,0,0,0,0,0,0,,2,0,0,0,0,0,,0,0,0,0,0,0,0,,6,0,,0,2,,20,20,20,90,90,0,251,0,,,,,,,,,2
1368-19,34,19,1,1,0,1,1,1,1,1,1,0,0,0,,2,0,0,0,0,0,0,,2,2,,2,0,0,0,0,0,0,,2,0,0,0,0,0,0,,1,2,2,0,0,0,0,0,0,0,0,0,0,0,0,,2,0,0,0,0,1,0,,,2,0,0,0,0,0,,0,0,0,0,0,0,0,,2,0,0,0,0,0,,0,0,0,0,0,0,0,,6,0,,0,2,,20,20,20,90,90,0,263,0,,,,,,,,,2
1368-20,34,20,1,1,0,1,1,1,1,1,1,0,0,0,,2,0,0,0,0,0,0,,2,2,,2,0,0,0,0,0,0,,2,0,0,0,0,0,0,,1,2,2,0,0,0,0,0,0,0,0,0,0,0,0,,2,0,0,0,0,1,0,,,2,0,0,0,0,0,,0,0,0,0,0,0,0,,2,0,0,0,0,0,,0,0,0,0,0,0,0,,6,0,,0,2,,20,20,20,90,90,0,229,0,,,,,,,,,2
1370-1,2,1,,0,0,1,1,0,0,1,1,0,0,0,,1,0,0,0,0,0,0,,3,3,2,1,0,0,0,0,0,0,,2,0,0,0,0,0,0,,4,3,3,1,0,0,0,0,0,0,0,0,0,0,0,,1,0,0,0,1,0,0,,,1,0,0,0,0,0,,0,0,0,0,0,0,0,,3,0,0,0,1,1,Providers Notes,0,0,0,1,1,0,0,,2,0,,0,1,,40,0,0,0,0,0,247,1,2,,16,0,,,0,,2
1370-2,2,2,,0,0,1,1,0,0,1,1,0,0,0,,1,0,0,0,0,0,0,,3,3,2,1,0,0,0,0,0,0,,2,0,0,0,0,0,0,,4,3,3,1,0,0,0,0,0,0,0,0,0,0,0,,1,0,0,0,1,0,0,,,1,0,0,0,0,0,,0,0,0,0,0,0,0,,3,0,0,0,1,1,Providers Notes,0,0,0,1,1,0,0,,2,0,,0,1,,40,0,0,0,0,0,236,1,2,,10,0,,,0,,2
1370-3,2,3,,0,0,1,1,0,0,1,1,0,0,0,,1,0,0,0,0,0,0,,3,3,2,1,0,0,0,0,0,0,,2,0,0,0,0,0,0,,4,3,3,1,0,0,0,0,0,0,0,0,0,0,0,,1,0,0,0,1,0,0,,,1,0,0,0,0,0,,0,0,0,0,0,0,0,,3,0,0,0,1,1,Providers Notes,0,0,0,1,1,0,0,,2,0,,0,1,,40,0,0,0,0,0,230,1,2,,4,0,,,0,,2
1370-4,2,4,,0,0,1,1,1,1,1,1,0,0,0,,1,0,0,0,0,0,0,,3,3,2,2,0,0,0,0,0,0,,3,0,1,0,0,0,0,,4,3,3,1,0,0,0,0,0,0,0,0,0,0,0,,1,0,0,0,1,0,0,,,1,0,0,0,0,0,,0,0,0,0,0,0,0,,3,0,0,0,1,1,Providers Notes,0,0,0,1,1,0,0,,2,0,,0,1,,40,0,0,0,0,0,237,1,2,,17,0,,,0,,2
1370-5,2,5,,0,0,1,1,1,1,1,0,0,0,0,,1,0,0,0,0,0,0,,3,3,2,2,0,0,0,0,0,0,,3,0,1,0,1,1,0,,4,3,3,1,0,0,0,0,0,0,0,0,0,0,0,,1,0,0,0,1,0,0,,,2,0,0,0,0,0,,0,0,0,0,0,0,0,,3,0,0,0,0,0,,0,0,0,0,0,0,0,,4,0,,2,1,,60,60,60,50,20,0,251,1,2,,0,0,,,0,,2
1370-7,2,6,,0,0,1,1,1,1,1,1,0,0,0,,1,0,0,0,0,0,0,,3,3,2,2,0,0,0,0,0,0,,3,0,1,0,0,0,0,,4,3,3,1,0,0,0,0,0,0,0,0,0,0,0,,1,1,0,0,0,0,0,,,2,0,0,0,0,0,,0,0,0,0,0,0,0,,3,0,0,0,1,0,,1,1,1,0,0,0,0,,4,0,,2,2,,50,50,50,50,20,0,241,1,2,,17,0,,,0,,2
1370-8,2,7,,1,0,1,1,1,1,1,1,0,0,0,,1,0,0,0,0,0,0,,3,3,2,2,0,0,0,0,0,0,,3,0,1,0,0,0,0,,4,3,3,1,0,0,0,0,0,0,0,0,0,0,0,,1,0,0,0,1,0,0,,,2,0,0,0,0,0,,0,0,0,0,0,0,0,,3,1,0,0,1,0,,0,1,0,1,1,0,0,,4,2,,2,3,1,60,60,60,50,50,0,196,1,2,,12,0,,,0,,2
1370-9,2,8,,1,0,0,1,1,1,1,1,0,0,0,,2,0,0,0,0,0,0,,3,3,1,2,0,0,0,0,0,0,,3,0,1,0,1,1,0,,4,3,3,0,1,0,0,0,0,0,0,0,0,0,0,,1,0,0,0,1,0,0,,,2,0,0,0,0,0,,0,0,0,0,0,0,0,,3,0,0,1,1,0,,0,1,0,0,0,0,0,,4,2,,2,2,,60,60,60,60,50,0,291,1,2,,10,0,0,0,0,,2
1370-10,2,9,,1,0,1,1,1,0,1,1,0,0,0,,2,0,0,0,0,0,0,,3,3,2,2,0,0,0,0,0,0,,3,0,1,0,1,1,0,,4,3,3,0,1,0,0,0,0,0,0,0,0,0,0,,1,0,0,0,1,0,0,,,2,0,0,0,0,0,,0,0,0,0,0,0,0,,3,0,0,1,1,0,,0,0,1,1,0,0,0,,4,2,,2,2,,60,60,60,50,50,0,241,1,2,,14,0,0,0,0,,2
1370-11,2,10,,1,0,1,1,1,1,1,1,0,0,0,,2,0,0,0,0,0,0,,3,3,2,2,0,0,0,0,0,0,,3,0,1,0,1,0,0,,4,3,3,1,0,0,0,0,0,0,0,0,0,0,0,,1,1,0,0,0,0,0,,,2,0,0,0,0,0,,0,0,0,0,0,0,0,,3,0,0,0,1,0,,1,1,1,0,0,0,0,,4,2,,2,3,1,80,80,80,50,0,0,223,1,2,,12,0,0,0,0,,2
1370-13,2,11,,0,0,1,1,1,0,1,1,0,0,0,,3,1,1,0,0,1,0,,3,3,3,3,1,0,0,0,0,0,,3,0,1,0,0,0,0,,4,3,3,1,0,0,0,0,0,0,0,0,0,0,0,,1,1,0,0,0,0,0,,,3,0,0,1,1,0,,0,1,1,1,0,0,0,,3,0,0,1,1,0,,0,1,1,1,0,0,0,,4,1,4,2,3,1,80,80,80,0,0,0,218,1,2,,15,6,4,3,10,,2
1370-14,2,12,,0,0,1,1,1,0,1,1,0,0,0,,3,1,1,0,0,1,0,,3,3,3,3,1,0,0,0,0,0,,3,0,1,0,0,0,0,,4,3,3,1,0,0,0,0,0,0,0,0,0,0,0,,1,1,0,0,0,0,0,,,3,0,0,1,1,0,,0,1,1,0,0,0,0,,3,0,0,1,1,0,,1,1,1,1,1,0,0,,4,1,4,2,3,1,80,80,80,0,0,0,243,1,3,7,10,9,0,2,10,,2
1370-15,2,13,,0,0,1,1,1,0,1,1,0,0,0,,3,1,0,0,0,1,0,,3,3,3,3,1,0,0,0,0,0,,3,0,1,0,0,0,0,,4,3,3,1,0,0,0,0,0,0,0,0,0,0,0,,1,1,0,0,0,0,0,,,3,0,0,1,1,0,,0,1,1,1,0,0,0,,3,0,0,0,1,0,,0,0,1,1,0,0,0,,4,1,4,2,3,1,80,80,80,0,0,0,200,1,2,,5,9,1,0,9,,2
1370-16,2,14,,0,0,1,1,1,0,1,1,0,0,0,,3,1,1,0,0,1,0,,3,3,3,3,1,0,0,0,0,0,,3,0,1,0,0,0,0,,4,3,3,1,0,0,0,0,0,0,0,0,0,0,0,,1,1,0,0,0,0,0,,,3,0,0,1,1,0,,0,1,1,0,0,0,0,,3,0,0,1,1,0,,0,1,1,1,0,0,0,,4,1,4,2,3,1,80,80,80,0,0,0,257,1,3,14,4,10,0,0,10,,2
1370-17,2,15,,0,0,1,1,1,0,0,0,0,0,0,,3,1,1,0,0,1,0,,3,3,3,3,1,0,0,0,0,0,,3,0,1,0,0,0,0,,4,3,3,1,0,0,0,0,0,0,0,0,0,0,0,,1,1,0,0,0,0,0,,,3,0,0,1,1,0,,0,1,1,0,0,0,0,,3,0,0,1,1,0,,1,1,1,1,1,0,0,,4,1,4,2,3,1,80,80,80,0,0,0,275,1,3,9,7,5,0,1,9,,2
1370-18,2,16,,0,0,1,1,1,0,1,1,0,0,0,,3,1,1,0,0,1,0,,3,3,3,3,1,0,0,0,0,0,,3,0,1,0,0,0,0,,4,3,3,1,0,0,0,0,0,0,0,0,0,0,0,,1,1,0,0,0,0,0,,,3,0,0,1,1,0,,0,1,1,0,0,0,0,,3,0,0,1,1,0,,1,1,1,1,1,0,0,,4,1,4,2,3,1,80,80,80,0,0,0,272,1,3,6,17,4,0,2,10,,2
1370-19,2,17,1,0,0,1,1,1,0,1,1,0,0,0,,3,1,1,0,0,1,0,,3,3,3,3,1,0,0,0,0,0,,3,0,1,0,0,0,0,,4,3,3,1,0,0,0,0,0,0,0,0,0,0,0,,1,1,0,0,0,0,0,,,3,0,0,1,1,0,,0,1,1,0,0,0,0,,3,0,0,1,1,0,,1,1,1,1,1,0,0,,4,1,4,2,3,1,80,80,80,0,0,0,276,1,3,17,12,2,0,2,9,,2
1370-20,2,18,1,0,0,1,1,1,0,1,1,0,0,0,,3,1,1,0,0,1,0,,3,3,3,3,1,0,0,0,0,0,,3,0,1,0,0,0,0,,4,3,3,1,0,0,0,0,0,0,0,0,0,0,0,,1,1,0,0,0,0,0,,,3,0,0,1,1,0,,0,1,1,0,0,0,0,,3,0,0,1,1,0,,1,1,1,1,1,0,0,,4,1,4,2,3,1,80,80,80,0,0,0,217,1,3,10,16,9,0,0,10,,2
1370-21,2,19,1,0,0,1,1,1,0,1,1,0,0,0,,3,1,1,0,0,1,0,,3,3,3,3,1,0,0,0,0,0,,3,0,1,0,0,0,0,,4,3,3,1,0,0,0,0,0,0,0,0,0,0,0,,1,1,0,0,0,0,0,,,3,0,0,1,1,0,,0,1,1,0,0,0,0,,3,0,0,1,1,0,,1,1,1,1,1,0,0,,4,1,4,2,3,1,80,80,80,0,0,0,243,1,3,20,7,8,0,0,10,,2
1370-22,2,20,1,0,0,1,1,1,0,1,1,0,0,0,,3,1,1,0,0,1,0,,3,3,3,3,1,0,0,0,0,0,,3,0,1,0,0,0,0,,4,3,3,1,0,0,0,0,0,0,0,0,0,0,0,,1,1,0,0,0,0,0,,,3,0,0,1,1,0,,0,1,1,0,0,0,0,,3,0,0,1,1,0,,1,1,1,1,1,0,0,,4,1,4,2,3,1,80,80,80,0,0,0,236,1,3,9,10,7,0,0,10,,2
1371-1,7,1,,1,1,1,1,1,1,1,1,1,0,1,Quality,3,0,1,0,0,1,0,,3,3,3,1,0,0,0,0,0,0,,1,0,0,0,0,0,0,,1,2,2,0,0,0,0,0,0,0,0,0,0,0,0,,0,0,0,0,1,0,0,,,1,0,0,0,0,0,,0,0,0,0,0,0,0,,1,0,0,0,0,0,,0,0,0,0,0,0,0,,4,0,,0,1,,0,0,50,0,0,0,247,1,3,3,0,5,,,10,,2
1371-2,7,2,,1,1,1,1,1,1,1,1,1,0,1,Quality,3,0,1,0,0,1,0,,3,3,3,1,0,0,0,0,0,0,,1,0,0,0,0,0,0,,1,2,2,0,0,0,0,0,0,0,0,0,0,0,0,,0,0,0,0,1,0,0,,,1,0,0,0,0,0,,0,0,0,0,0,0,0,,1,0,0,0,0,0,,0,0,0,0,0,0,0,,4,0,,0,1,,0,0,50,0,0,0,325,1,3,6,0,7,,,7,,2
1371-3,7,3,,1,1,1,1,1,1,1,1,1,0,1,Quality,3,0,1,0,0,1,0,,3,3,3,1,0,0,0,0,0,0,,1,0,0,0,0,0,0,,1,2,2,0,0,0,0,0,0,0,0,0,0,0,0,,0,0,0,0,1,0,0,,,1,0,0,0,0,0,,0,0,0,0,0,0,0,,1,0,0,0,0,0,,0,0,0,0,0,0,0,,4,0,,0,1,,0,0,50,0,0,0,284,1,3,11,0,4,,,10,,2
1371-4,7,4,,1,1,1,1,1,0,1,1,1,0,1,Quality,3,0,1,0,0,1,0,,3,3,3,1,0,0,0,0,0,0,,1,0,0,0,0,0,0,,1,2,2,0,0,0,0,0,0,0,0,0,0,0,0,,0,0,0,0,1,0,0,,,1,0,0,0,0,0,,0,0,0,0,0,0,0,,1,0,0,0,0,0,,0,0,0,0,0,0,0,,4,0,,0,1,,0,0,60,0,0,0,261,1,3,8,0,4,,,8,,2
1371-5,7,5,,1,1,1,1,1,1,1,1,1,0,1,Quality,3,0,1,0,0,1,0,,3,3,3,1,0,0,0,0,0,0,,1,0,0,0,0,0,0,,1,2,2,0,0,0,0,0,0,0,0,0,0,0,0,,0,0,0,0,1,0,0,,,1,0,0,0,0,0,,0,0,0,0,0,0,0,,1,0,0,0,0,0,,0,0,0,0,0,0,0,,4,0,,0,1,,0,0,60,0,0,0,243,1,3,5,0,5,,,7,,2
1371-6,7,6,,1,1,1,1,1,1,1,1,1,0,1,Quality,3,0,1,0,0,1,0,,3,3,3,2,0,0,0,0,0,0,,2,0,0,0,0,0,0,,1,2,2,0,0,0,0,0,0,0,0,0,0,0,0,,0,0,0,0,1,0,0,,,2,0,0,0,0,0,,0,0,0,0,0,0,0,,2,0,0,0,0,0,,0,0,0,0,0,0,0,,4,0,,0,2,,0,0,60,0,0,0,284,1,3,10,3,7,,,8,,2
1371-7,7,7,,1,1,1,1,1,0,1,1,1,1,1,Quality,3,0,1,0,0,1,0,,3,3,3,2,0,0,0,0,0,0,,2,0,0,0,0,0,0,,1,2,2,0,0,0,0,0,0,0,0,0,0,0,0,,0,0,0,0,1,0,0,,,2,0,0,0,0,0,,0,0,0,0,0,0,0,,2,0,0,0,0,0,,0,0,0,0,0,0,0,,4,0,,0,2,,0,0,60,0,0,0,278,1,3,11,2,2,,,9,,2
1371-8,7,8,,1,1,1,1,1,1,1,1,1,1,1,Quality,3,0,1,0,0,1,0,,3,3,3,2,0,0,0,0,0,0,,2,0,0,0,0,0,0,,1,2,2,0,0,0,0,0,0,0,0,0,0,0,0,,0,0,0,0,1,0,0,,,2,0,0,0,0,0,,0,0,0,0,0,0,0,,2,0,0,0,0,0,,0,0,0,0,0,0,0,,4,0,,0,2,,0,0,60,0,0,0,278,1,3,12,6,8,0,2,9,,2
1371-9,7,9,,1,1,1,1,1,1,1,1,1,1,1,Quality,3,0,1,0,0,1,0,,3,3,3,2,0,0,0,0,0,0,,2,0,0,0,0,0,0,,1,2,2,0,0,0,0,0,0,0,0,0,0,0,0,,0,0,0,0,1,0,0,,,3,1,0,1,0,0,,0,0,0,0,0,0,1,working on it,2,0,0,0,0,0,,0,0,0,0,0,0,0,,4,0,,1,2,,0,0,60,0,0,0,271,1,3,3,1,3,0,5,9,,2
1371-10,7,10,,1,1,1,0,1,1,1,1,1,1,1,Quality,3,0,1,0,0,1,0,,3,3,3,2,0,0,0,0,0,0,,2,0,0,0,0,0,0,,1,2,2,0,0,0,0,0,0,0,0,0,0,0,0,,0,0,0,0,1,0,0,,,3,0,0,1,1,0,,1,1,1,1,1,0,0,,3,0,0,1,1,0,,1,1,1,1,1,0,0,,4,1,4,1,2,,0,0,60,0,0,0,191,1,3,10,1,5,0,3,9,,2
1371-11,7,11,,1,1,1,1,1,1,1,1,1,1,1,Quality,3,0,1,0,0,1,0,,3,3,3,3,1,1,1,1,0,0,,3,1,1,1,1,0,0,,1,2,2,0,0,0,0,0,0,0,0,0,0,0,0,,0,0,0,0,1,0,0,,,3,0,0,1,1,0,,1,1,1,1,0,0,0,,3,0,0,1,1,0,,1,1,1,1,0,0,0,,4,2,,1,3,1,0,0,60,0,0,0,232,1,3,4,7,3,0,3,10,,2
1371-12,7,12,,1,1,1,1,1,1,1,1,1,1,1,Quality,3,0,1,0,0,1,0,,3,3,3,3,1,1,1,1,0,0,,3,1,1,1,1,0,0,,1,3,3,1,1,0,0,0,0,0,0,0,0,0,0,,0,0,0,0,1,0,0,,,3,0,0,1,1,0,,1,1,1,1,1,0,0,,3,0,0,1,1,0,,1,1,1,1,1,0,0,,4,2,,1,3,1,0,0,60,70,0,60,250,1,3,10,9,4,0,4,10,,2
1371-14,7,13,,1,1,1,1,1,1,1,1,1,1,1,Quality,3,0,1,0,0,1,0,,3,3,3,3,1,1,1,1,1,0,,3,1,1,1,1,1,0,,1,3,3,1,1,0,0,0,0,0,0,0,0,0,0,,1,0,0,0,1,0,0,,,3,0,0,1,1,0,,1,1,1,1,1,1,0,,3,0,0,1,1,0,,1,1,1,1,1,1,0,,4,2,,2,3,1,0,0,60,70,0,70,239,1,3,19,16,7,0,3,10,,2
1371-15,7,14,,1,1,1,1,1,1,1,1,1,1,1,Quality,3,0,1,0,0,1,0,,3,3,3,3,1,1,1,1,1,0,,3,1,1,1,1,1,0,,1,3,3,1,1,0,0,0,0,0,0,0,0,0,0,,1,0,0,0,1,0,0,,,3,0,0,1,1,0,,1,1,1,1,1,1,0,,3,0,0,1,1,0,,1,1,1,1,1,1,0,,4,2,,2,3,1,0,0,0,0,0,0,267,1,3,11,18,4,0,4,9,,2
1371-16,7,15,,1,1,1,1,1,1,1,1,1,1,1,Quality,3,0,1,0,0,1,0,,3,3,3,3,1,1,1,1,1,0,,3,1,1,1,1,1,0,,1,3,3,1,1,0,0,0,0,0,0,0,0,0,0,,1,0,1,0,0,0,0,1,,3,0,0,1,1,0,,1,1,1,1,1,1,0,,3,0,0,1,1,0,,1,1,1,1,1,1,0,,4,2,,2,3,1,30,0,0,0,0,0,277,1,3,24,8,5,0,4,10,,2
1371-17,7,16,,1,1,1,1,1,1,1,1,1,1,1,Quality,3,0,1,0,0,1,0,,3,3,3,3,1,1,1,1,1,0,,3,1,1,1,1,1,0,,1,3,3,1,1,0,0,0,0,0,0,0,0,0,0,,1,0,1,0,0,0,0,1,,3,0,0,1,1,0,,1,1,1,1,1,1,0,,3,0,0,1,1,0,,1,1,1,1,1,1,0,,4,2,,2,3,1,40,0,0,0,0,0,299,1,3,20,17,6,0,2,8,,2
1371-18,7,17,1,1,1,1,1,1,1,1,1,1,1,1,Quality,3,0,1,0,0,1,0,,3,3,3,3,1,1,1,1,1,0,,3,1,1,1,1,1,0,,1,3,3,1,1,0,0,0,0,0,0,0,0,0,0,,1,1,1,0,0,0,0,1,,3,0,0,1,1,0,,1,1,1,1,1,1,0,,3,0,0,1,1,0,,1,1,1,1,1,1,0,,4,2,,2,3,1,50,0,0,0,0,0,291,1,3,16,23,3,1,2,8,,2
1371-19,7,18,1,1,1,1,1,1,1,1,1,1,1,1,Quality,3,0,1,0,0,1,0,,3,3,3,3,1,1,1,1,1,0,,3,1,1,1,1,1,0,,1,3,3,1,1,0,0,0,0,0,0,0,0,0,0,,1,0,1,0,0,0,0,1,,3,0,0,1,1,0,,1,1,1,1,1,1,0,,3,0,0,1,1,0,,1,1,1,1,1,1,0,,4,2,,2,3,1,70,0,0,0,0,0,273,1,3,17,12,4,0,6,10,,2
1371-20,7,19,1,1,1,1,1,1,1,1,1,1,1,1,Quality,3,0,1,0,0,1,0,,3,3,3,3,1,1,1,1,1,0,,3,1,1,1,1,1,0,,1,3,3,1,1,0,0,0,0,0,0,0,0,0,0,,1,0,1,0,0,0,0,1,,3,0,0,1,1,0,,1,1,1,1,1,1,0,,3,0,0,1,1,0,,1,1,1,1,1,1,0,,4,2,,2,3,1,70,0,0,0,0,0,309,1,3,18,16,5,0,2,10,,2
1371-21,7,20,1,1,1,1,1,1,1,1,1,1,1,1,Quality,3,0,1,0,0,1,0,,3,3,3,3,1,1,1,1,1,0,,3,1,1,1,1,1,0,,1,3,3,1,1,0,0,0,0,0,0,0,0,0,0,,1,0,1,0,0,0,0,1,,3,1,1,1,1,0,,1,1,1,1,1,1,0,,3,0,0,1,1,0,,1,1,1,1,1,1,0,,4,2,,2,3,1,70,0,0,0,0,0,240,1,3,18,10,3,0,4,9,,2
1372-1,40,1,,1,0,1,0,1,0,1,0,0,0,1,Perinatal Coordinator ,3,0,1,0,0,1,0,,3,3,3,2,0,0,0,0,0,0,,2,0,0,0,0,0,0,,1,1,1,0,0,0,0,0,0,0,0,0,0,0,0,,0,0,0,0,1,0,0,,,2,0,0,0,0,0,,0,0,0,0,0,0,0,,2,0,0,0,0,0,,0,0,0,0,0,0,0,,8,0,,0,1,,0,0,0,0,0,0,79,1,3,4,11,0,,,7,,2
1372-2,40,2,,1,0,1,0,1,0,1,0,0,0,1,Perinatal Coordinator  ,3,0,1,0,0,1,0,,3,3,3,2,0,0,0,0,0,0,,2,0,0,0,0,0,0,,1,1,1,0,0,0,0,0,0,0,0,0,0,0,0,,0,0,0,0,1,0,0,,,2,0,0,0,0,0,,0,0,0,0,0,0,0,,2,0,0,0,0,0,,0,0,0,0,0,0,0,,8,0,,0,1,,0,0,0,0,0,0,72,1,3,13,5,0,,,7,,2
1372-3,40,3,,1,0,1,0,1,0,1,0,0,0,1,Perinatal Coordinator  ,3,0,1,0,0,1,0,,3,3,3,2,0,0,0,0,0,0,,2,0,0,0,0,0,0,,1,1,1,0,0,0,0,0,0,0,0,0,0,0,0,,0,0,0,0,1,0,0,,,2,0,0,0,0,0,,0,0,0,0,0,0,0,,2,0,0,0,0,0,,0,0,0,0,0,0,0,,8,0,,0,1,,0,0,0,0,0,0,81,1,3,5,9,0,,,8,,2
1372-4,40,4,,1,0,1,0,1,0,1,0,0,0,1,Perinatal Coordinator   ,3,0,1,0,0,1,0,,3,3,3,2,0,0,0,0,0,0,,2,0,0,0,0,0,0,,1,1,1,0,0,0,0,0,0,0,0,0,0,0,0,,0,0,0,0,1,0,0,,,2,0,0,0,0,0,,0,0,0,0,0,0,0,,2,0,0,0,0,0,,0,0,0,0,0,0,0,,8,0,,0,1,,0,0,0,0,0,0,79,1,3,3,6,0,,,8,,2
1372-5,40,5,,1,0,0,0,1,0,1,0,0,0,1,Perinatal Coordinator  ,3,0,1,0,0,1,0,,3,3,3,2,0,0,0,0,0,0,,2,0,0,0,0,0,0,,1,1,1,0,0,0,0,0,0,0,0,0,0,0,0,,0,0,0,0,1,0,0,,,2,0,0,0,0,0,,0,0,0,0,0,0,0,,2,0,0,0,0,0,,0,0,0,0,0,0,0,,8,0,,0,1,,0,0,0,0,0,0,93,1,3,0,8,0,,,9,,2
1372-6,40,6,,1,0,0,0,1,0,1,0,1,0,1,Perinatal Coordinator  ,3,0,1,0,0,1,0,,3,3,3,2,0,0,0,0,0,0,,2,0,0,0,0,0,0,,1,1,1,0,0,0,0,0,0,0,0,0,0,0,0,,0,0,0,0,1,0,0,,,2,0,0,0,0,0,,0,0,0,0,0,0,0,,2,0,0,0,0,0,,0,0,0,0,0,0,0,,8,0,,0,1,,0,0,0,80,0,0,84,1,3,1,10,0,,,8,,2
1372-7,40,7,,1,0,0,0,1,0,1,0,1,0,1,Perinatal Administrator,3,0,1,0,0,1,0,,3,3,3,2,0,0,0,0,0,0,,2,0,0,0,0,0,0,,1,1,1,0,0,0,0,0,0,0,0,0,0,0,0,,0,0,0,0,1,0,0,,,2,0,0,0,0,0,,0,0,0,0,0,0,0,,2,0,0,0,0,0,,0,0,0,0,0,0,0,,8,0,,0,2,,0,0,0,80,0,0,84,1,3,5,6,0,,,8,,2
1372-8,40,8,,1,0,0,0,1,0,1,0,1,0,1,Perinatal Administrator,3,0,1,0,0,1,0,,3,3,3,2,0,0,0,0,0,0,,2,0,0,0,0,0,0,,1,1,1,0,0,0,0,0,0,0,0,0,0,0,0,,0,0,0,0,1,0,0,,,2,0,0,0,0,0,,0,0,0,0,0,0,0,,2,0,0,0,0,0,,0,0,0,0,0,0,0,,8,0,,0,1,,0,0,0,80,0,0,66,1,3,8,16,0,,,6,,2
1372-9,40,9,,1,0,0,0,1,0,1,0,0,0,1,Perinatal Administrator ,3,0,1,0,0,1,0,,3,3,3,2,0,0,0,0,0,0,,2,0,0,0,0,0,0,,1,1,1,0,0,0,0,0,0,0,0,0,0,0,0,,0,0,0,0,1,0,0,,,2,0,0,0,0,0,,0,0,0,0,0,0,0,,2,0,0,0,0,0,,0,0,0,0,0,0,0,,8,0,,0,1,,0,0,0,0,0,0,73,1,3,4,11,0,,,7,,2
1372-10,40,10,,1,0,0,0,1,0,1,0,1,0,1,Perinatal Administrator ,3,0,1,0,0,1,0,,3,3,3,2,0,0,0,0,0,0,,2,0,0,0,0,0,0,,1,1,1,0,0,0,0,0,0,0,0,0,0,0,0,,0,0,0,0,1,0,0,,,2,0,0,0,0,0,,0,0,0,0,0,0,0,,2,0,0,0,0,0,,0,0,0,0,0,0,0,,8,0,,0,2,,0,0,0,0,0,0,89,1,3,9,8,0,,,8,,2
1372-11,40,11,,1,0,1,0,1,1,1,0,0,0,1,Perinatal Coordinator,3,0,1,0,0,1,0,,3,3,3,2,0,0,0,0,0,0,,2,0,0,0,0,0,0,,1,1,1,0,0,0,0,0,0,0,0,0,0,0,0,,0,0,0,0,1,0,0,,,2,0,0,0,0,0,,0,0,0,0,0,0,0,,2,0,0,0,0,0,,0,0,0,0,0,0,0,,8,0,,0,1,,0,0,0,0,0,0,78,1,3,4,13,1,0,0,10,,2
1372-12,40,12,,1,0,1,1,1,1,1,0,0,1,0,,3,0,1,0,0,1,0,,3,3,3,3,1,0,1,1,0,0,,3,1,1,0,1,0,0,,1,1,1,0,0,0,0,0,0,0,0,0,0,0,0,,0,0,0,0,1,0,0,,,2,0,0,0,0,0,,0,0,0,0,0,0,0,,2,0,0,0,0,0,,0,0,0,0,0,0,0,,8,0,,0,2,,0,0,0,0,0,0,79,1,3,18,9,6,1,0,10,,2
1372-13,40,13,,1,0,1,1,1,1,1,0,0,0,0,,3,0,1,0,0,1,0,,3,3,3,3,1,1,1,1,0,0,,3,1,1,1,1,0,0,,1,1,1,0,0,0,0,0,0,0,0,0,0,0,0,,0,0,0,0,1,0,0,,,1,0,0,0,0,0,,0,0,0,0,0,0,0,,1,0,0,0,0,0,,0,0,0,0,0,0,0,,8,0,,1,2,,0,0,0,0,0,0,77,1,3,10,14,7,0,0,10,,2
1372-14,40,14,,1,0,1,1,1,1,1,0,0,0,0,,3,0,1,0,0,1,0,,3,3,3,3,1,1,1,1,0,0,,3,1,1,1,1,0,0,,1,1,1,0,0,0,0,0,0,0,0,0,0,0,0,,0,0,0,0,1,0,0,,,1,0,0,0,0,0,,0,0,0,0,0,0,0,,1,0,0,0,0,0,,0,0,0,0,0,0,0,,8,0,,1,2,,0,0,0,0,0,0,101,1,3,10,11,7,2,0,10,,2
1372-15,40,15,,1,0,1,1,1,1,1,0,0,0,0,,3,0,1,0,0,1,0,,3,3,3,3,1,1,1,1,0,0,,3,1,1,1,1,0,0,,1,1,1,0,0,0,0,0,0,0,0,0,0,0,0,,0,0,0,0,1,0,0,,,1,0,0,0,0,0,,0,0,0,0,0,0,0,,1,0,0,0,0,0,,0,0,0,0,0,0,0,,8,0,,1,2,,0,0,0,0,0,0,86,1,3,8,6,7,1,2,10,,2
1372-16,40,16,,1,0,1,1,1,1,1,0,0,0,0,,3,0,1,0,0,1,0,,3,3,3,3,1,1,1,1,0,0,,3,1,1,1,1,0,0,,1,1,1,0,0,0,0,0,0,0,0,0,0,0,0,,0,0,0,0,1,0,0,,,1,0,0,0,0,0,,0,0,0,0,0,0,0,,1,0,0,0,0,0,,0,0,0,0,0,0,0,,8,0,,1,2,,0,0,0,0,0,0,94,1,3,11,9,8,2,0,10,,2
1372-17,40,17,2,0,0,0,0,0,0,0,0,0,0,0,,,0,0,0,0,0,0,,,,,,0,0,0,0,0,0,,,0,0,0,0,0,0,,,,,0,0,0,0,0,0,0,0,0,0,0,0,,0,0,0,0,1,0,0,,,,0,0,0,0,0,,0,0,0,0,0,0,0,,,0,0,0,0,0,,0,0,0,0,0,0,0,,,,,,,,,,,,,,102,1,3,12,16,9,1,0,10,2,2
1372-18,40,18,2,0,0,0,0,0,0,0,0,0,0,0,,,0,0,0,0,0,0,,,,,,0,0,0,0,0,0,,,0,0,0,0,0,0,,,,,0,0,0,0,0,0,0,0,0,0,0,0,,0,0,0,0,1,0,0,,,,0,0,0,0,0,,0,0,0,0,0,0,0,,,0,0,0,0,0,,0,0,0,0,0,0,0,,,,,,,,,,,,,,89,1,3,13,4,9,0,0,10,2,2
1372-19,40,19,2,0,0,0,0,0,0,0,0,0,0,0,,,0,0,0,0,0,0,,,,,,0,0,0,0,0,0,,,0,0,0,0,0,0,,,,,0,0,0,0,0,0,0,0,0,0,0,0,,0,0,0,0,1,0,0,,,,0,0,0,0,0,,0,0,0,0,0,0,0,,,0,0,0,0,0,,0,0,0,0,0,0,0,,,,,,,,,,,,,,85,1,3,7,10,8,2,0,10,2,2
1373-1,110,1,,1,0,1,1,1,0,1,0,1,0,0,,3,1,0,0,0,1,0,,3,3,1,3,1,0,1,1,1,0,,3,1,1,1,1,1,0,,4,3,3,0,1,0,0,0,0,0,0,0,0,0,0,,1,0,0,0,1,0,0,,,2,0,0,0,0,0,,0,0,0,0,0,0,0,,2,0,0,0,0,0,,0,0,0,0,0,0,0,,7,1,3,1,2,,70,70,80,80,70,60,171,1,1,0,,5,,,7,,2
1373-2,110,2,,1,0,1,1,1,0,1,0,1,0,0,,3,1,0,0,0,1,0,,3,3,1,3,1,1,1,1,1,0,,3,1,1,1,1,1,0,,4,3,3,0,1,0,0,0,0,0,0,0,0,0,0,,1,0,1,0,0,0,0,1,,2,0,0,0,0,0,,0,0,0,0,0,0,0,,2,0,0,0,0,0,,0,0,0,0,0,0,0,,7,1,5,1,2,,0,0,0,0,0,0,185,1,1,5,,8,0,0,9,,2
1373-3,110,3,,1,0,1,1,1,1,1,1,1,1,0,,3,1,0,0,0,1,0,,3,3,1,3,1,1,1,1,1,0,,3,1,1,1,1,1,0,,4,3,3,0,1,0,0,0,0,0,0,0,0,0,0,,1,1,0,0,0,0,0,,,2,0,0,0,0,0,,0,0,0,0,0,0,0,,2,0,0,0,0,0,,0,0,0,0,0,0,0,,7,1,7,2,2,,0,0,0,0,0,70,166,1,1,3,,8,,,10,,2
1373-4,110,4,,1,0,1,1,1,1,1,1,1,1,0,,3,1,0,0,0,1,0,,3,3,1,3,1,1,1,1,1,0,,3,1,1,1,1,1,0,,4,3,3,0,1,0,0,0,0,0,0,0,0,0,0,,1,0,1,0,0,0,0,1,,2,0,0,0,0,0,,0,0,0,0,0,0,0,,2,0,0,0,0,0,,0,0,0,0,0,0,0,,7,1,7,2,3,1,0,80,0,0,70,70,194,1,1,4,,10,,,10,,2
1373-5,110,5,,1,1,1,1,1,1,1,1,1,1,0,,3,1,0,0,0,1,0,,3,3,1,3,1,1,1,1,1,0,,3,1,1,1,1,1,0,,4,3,3,1,0,0,0,0,0,0,0,0,0,0,0,,1,0,1,0,0,0,0,1,,2,0,0,0,0,0,,0,0,0,0,0,0,0,,2,0,0,0,0,0,,0,0,0,0,0,0,0,,7,2,,2,3,1,0,0,0,0,70,70,202,1,1,6,,9,,,10,,2
1373-6,110,6,,1,1,1,1,1,1,1,1,1,1,0,,3,1,0,0,0,1,0,,3,3,1,3,1,1,1,1,1,0,,3,1,1,1,1,1,0,,4,3,3,1,0,0,0,0,0,0,0,0,0,0,0,,1,0,0,0,1,0,0,,,2,0,0,0,0,0,,0,0,0,0,0,0,0,,2,0,0,0,0,0,,0,0,0,0,0,0,0,,7,2,,2,3,1,0,0,0,0,0,0,181,1,1,4,,10,,,10,,2
1373-7,110,7,,1,0,1,1,1,0,1,0,1,0,0,,3,1,0,0,0,1,0,,3,3,1,3,1,1,1,1,1,0,,3,1,1,1,1,1,0,,4,3,3,1,0,0,0,0,0,0,0,0,0,0,0,,1,1,0,0,0,0,0,,,2,0,0,0,0,0,,0,0,0,0,0,0,0,,2,0,0,0,0,0,,0,0,0,0,0,0,0,,7,2,,2,3,1,0,0,0,0,0,80,183,1,1,,,10,,,10,,0
1373-8,110,8,,1,0,1,1,1,1,1,0,1,0,0,,3,1,0,0,0,0,0,,3,3,1,3,1,0,1,1,1,0,,3,1,1,1,1,1,0,,4,3,3,0,1,0,0,0,0,0,0,0,0,0,0,,1,1,0,0,0,0,0,,,2,0,0,0,0,0,,0,0,0,0,0,0,0,,2,0,0,0,0,0,,0,0,0,0,0,0,0,,7,2,,2,3,1,0,0,0,0,0,80,196,1,1,,,10,,,10,,0
1373-9,110,9,,1,0,1,1,1,0,1,0,1,1,0,,3,1,0,0,0,1,0,,3,3,1,3,1,1,1,1,1,0,,3,1,1,1,1,1,0,,4,3,3,0,1,0,0,0,0,0,0,0,0,0,0,,1,0,1,0,0,0,0,1,,2,0,0,0,0,0,,0,0,0,0,0,0,0,,2,0,0,0,0,0,,0,0,0,0,0,0,0,,7,2,,1,3,1,0,0,70,0,0,80,179,1,1,,,10,,,10,,0
1373-10,110,10,,1,0,1,1,1,1,1,1,1,1,0,,3,1,0,0,0,1,0,,3,3,3,3,1,1,1,1,1,0,,3,1,1,1,1,1,0,,4,3,3,0,1,0,0,0,0,0,0,0,0,0,0,,1,1,1,0,0,0,0,1,,2,0,0,0,0,0,,0,0,0,0,0,0,0,,2,0,0,0,0,0,,0,0,0,0,0,0,0,,7,2,,2,3,1,0,0,0,0,80,80,190,1,3,,,10,,,10,,0
1373-11,110,11,,1,0,1,1,1,0,1,0,1,1,0,,3,1,0,0,0,1,0,,3,3,3,3,1,1,1,1,1,0,,3,1,1,1,1,1,0,,4,3,3,1,1,0,0,0,0,0,0,0,0,0,0,,1,1,1,0,0,0,0,1,,2,0,0,0,0,0,,0,0,0,0,0,0,0,,2,0,0,0,0,0,,0,0,0,0,0,0,0,,7,2,,2,3,1,0,0,0,0,80,80,166,1,3,8,0,9,1,0,10,,0
1373-12,110,12,,1,0,1,1,1,0,1,1,1,0,0,,3,1,0,0,0,1,0,,3,3,3,3,1,1,1,1,1,0,,3,1,1,1,1,1,0,,4,3,3,1,1,0,0,0,0,0,0,0,0,0,0,,1,1,1,0,0,0,0,1,,2,0,0,0,0,0,,0,0,0,0,0,0,0,,2,0,0,0,0,0,,0,0,0,0,0,0,0,,7,2,,2,3,1,80,80,80,80,80,80,172,1,3,3,7,10,0,0,10,,0
1373-13,110,13,1,1,0,1,1,1,0,1,1,1,0,0,,3,1,0,0,0,1,0,,3,3,3,3,1,1,1,1,1,0,,3,1,1,1,1,1,0,,4,3,3,1,1,0,0,0,0,0,0,0,0,0,0,,1,1,1,0,0,0,0,1,,3,1,0,0,0,0,,0,0,1,1,0,0,0,,3,1,0,0,0,0,,0,0,1,1,0,0,0,,7,2,,2,3,1,80,80,80,80,80,80,177,1,3,0,3,10,0,0,10,,0
1373-14,110,14,1,1,0,1,1,1,1,1,1,1,0,0,,3,1,0,0,0,1,0,,3,3,3,3,1,1,1,1,1,0,,3,1,1,1,1,1,0,,4,3,3,1,1,0,0,0,0,0,0,0,0,0,0,,1,1,0,0,0,0,0,,,3,1,0,0,0,0,,0,0,1,1,0,0,0,,3,1,0,0,0,0,,0,0,1,1,0,0,0,,7,2,,2,3,1,80,80,80,80,80,80,157,1,3,0,5,10,0,0,10,,0
1373-15,110,15,1,1,0,1,1,1,1,1,1,1,0,0,,3,1,0,0,0,1,0,,3,3,3,3,1,1,1,1,1,0,,3,1,1,1,1,1,0,,4,3,3,1,1,0,0,0,0,0,0,0,0,0,0,,1,1,1,0,0,0,0,1,,3,1,0,0,0,0,,0,0,1,1,0,0,0,,3,1,0,0,0,0,,0,0,1,1,0,0,0,,7,2,,2,3,1,0,80,70,80,80,80,188,1,3,,5,10,0,0,10,,0
1373-16,110,16,1,1,1,1,1,1,1,1,1,1,1,0,,3,1,0,0,0,1,0,,3,3,3,3,1,1,1,1,1,0,,3,1,1,1,1,1,0,,4,3,3,1,1,0,0,0,0,0,0,0,0,0,0,,1,1,1,0,0,0,0,1,,3,1,0,0,0,0,,0,0,1,1,0,0,0,,3,1,0,0,0,0,,0,0,1,1,0,0,0,,7,2,,2,3,1,80,80,80,80,80,80,197,1,3,2,2,10,0,0,10,,0
1373-17,110,17,1,1,0,1,1,1,0,1,1,0,0,0,,3,1,0,0,0,1,0,,,3,3,3,1,1,0,0,0,0,,,0,0,0,0,0,0,,,,,0,0,0,0,0,0,0,0,0,0,0,0,,1,1,1,0,0,0,0,1,,3,1,0,0,0,0,,0,0,1,1,0,0,0,,3,1,0,0,0,0,,0,0,1,1,0,0,0,,7,2,,2,3,1,,,,,,,202,1,3,2,1,10,0,0,10,,0
1376-1,19,1,,1,0,0,0,1,1,1,0,1,0,0,,1,0,0,0,0,0,0,,1,1,,2,0,0,0,0,0,0,,2,0,0,0,0,0,0,,1,1,1,0,0,0,0,0,0,0,0,0,0,0,0,,2,0,0,0,0,1,0,,,1,0,0,0,0,0,,0,0,0,0,0,0,0,,1,0,0,0,0,0,,0,0,0,0,0,0,0,,15,0,,0,1,,80,20,50,0,0,0,109,0,,,,,,,,,2
1376-2,19,2,,1,0,0,0,1,1,1,0,1,0,0,,1,0,0,0,0,0,0,,1,1,,2,0,0,0,0,0,0,,2,0,0,0,0,0,0,,1,1,1,0,0,0,0,0,0,0,0,0,0,0,0,,2,0,0,0,0,1,0,,,1,0,0,0,0,0,,0,0,0,0,0,0,0,,1,0,0,0,0,0,,0,0,0,0,0,0,0,,15,0,,0,1,,80,20,50,0,0,0,116,0,,,,,,,,,2
1376-3,19,3,,1,0,0,0,1,1,1,0,1,0,0,,1,0,0,0,0,0,0,,1,1,,2,0,0,0,0,0,0,,2,0,0,0,0,0,0,,1,1,1,0,0,0,0,0,0,0,0,0,0,0,0,,2,0,0,0,0,1,0,,,1,0,0,0,0,0,,0,0,0,0,0,0,0,,1,0,0,0,0,0,,0,0,0,0,0,0,0,,15,0,,0,2,,80,20,50,0,0,0,107,0,,,,,,,,,2
1376-4,19,4,,1,0,0,0,1,1,1,0,1,0,0,,1,0,0,0,0,0,0,,1,1,,2,0,0,0,0,0,0,,2,0,0,0,0,0,0,,1,1,1,0,0,0,0,0,0,0,0,0,0,0,0,,2,0,0,0,0,1,0,,,1,0,0,0,0,0,,0,0,0,0,0,0,0,,1,0,0,0,0,0,,0,0,0,0,0,0,0,,15,0,,0,2,,80,20,50,0,0,0,112,0,,,,,,,,,2
1376-5,19,5,,1,0,0,0,1,1,1,0,1,1,0,,1,0,0,0,0,0,0,,1,1,,2,0,0,0,0,0,0,,2,0,0,0,0,0,0,,1,1,1,0,0,0,0,0,0,0,0,0,0,0,0,,2,0,0,0,0,1,0,,,1,0,0,0,0,0,,0,0,0,0,0,0,0,,1,0,0,0,0,0,,0,0,0,0,0,0,0,,15,0,,0,2,,80,20,50,0,0,0,123,0,,,,,,,,,2
1376-6,19,6,,1,0,0,0,1,1,1,0,1,1,0,,1,0,0,0,0,0,0,,1,1,,2,0,0,0,0,0,0,,2,0,0,0,0,0,0,,1,1,1,0,0,0,0,0,0,0,0,0,0,0,0,,2,0,0,0,0,1,0,,,1,0,0,0,0,0,,0,0,0,0,0,0,0,,1,0,0,0,0,0,,0,0,0,0,0,0,0,,15,0,,0,2,,80,20,50,0,0,0,135,0,,,,,,,,,2
1376-7,19,7,,1,0,0,0,1,1,1,0,1,1,0,,1,0,0,0,0,0,0,,1,1,,2,0,0,0,0,0,0,,2,0,0,0,0,0,0,,1,1,1,0,0,0,0,0,0,0,0,0,0,0,0,,2,0,0,0,0,1,0,,,1,0,0,0,0,0,,0,0,0,0,0,0,0,,1,0,0,0,0,0,,0,0,0,0,0,0,0,,15,0,,0,2,,80,50,50,0,0,0,124,0,,,,,,,,,2
1376-8,19,8,,1,0,0,0,1,1,1,0,1,1,0,,1,0,0,0,0,0,0,,1,1,,2,0,0,0,0,0,0,,2,0,0,0,0,0,0,,1,1,1,0,0,0,0,0,0,0,0,0,0,0,0,,2,0,0,0,0,1,0,,,1,0,0,0,0,0,,0,0,0,0,0,0,0,,1,0,0,0,0,0,,0,0,0,0,0,0,0,,15,0,,1,2,,0,60,60,0,0,0,115,0,,,,,,,,,2
1376-9,19,9,,1,0,0,0,1,1,1,0,1,1,0,,1,0,0,0,0,0,0,,1,1,,2,0,0,0,0,0,0,,2,0,0,0,0,0,0,,1,1,1,0,0,0,0,0,0,0,0,0,0,0,0,,2,0,0,0,0,1,0,,,1,0,0,0,0,0,,0,0,0,0,0,0,0,,1,0,0,0,0,0,,0,0,0,0,0,0,0,,15,0,,1,2,,0,70,70,0,0,0,118,0,,,,,,,,,2
1376-10,19,10,,1,0,0,0,1,1,1,0,1,1,0,,1,0,0,0,0,0,0,,1,1,,2,0,0,0,0,0,0,,2,0,0,0,0,0,0,,1,1,1,0,0,0,0,0,0,0,0,0,0,0,0,,2,0,0,0,0,1,0,,,1,0,0,0,0,0,,0,0,0,0,0,0,0,,1,0,0,0,0,0,,0,0,0,0,0,0,0,,15,0,,1,2,,0,70,70,0,0,0,118,0,,,,,,,,,2
1376-11,19,11,,1,0,0,0,1,1,1,0,1,1,0,,1,0,0,0,0,0,0,,1,1,,3,1,1,0,0,0,0,,3,1,1,0,0,0,0,,1,1,1,0,0,0,0,0,0,0,0,0,0,0,0,,2,0,0,0,0,1,0,,,2,0,0,0,0,0,,0,0,0,0,0,0,0,,2,0,0,0,0,0,,0,0,0,0,0,0,0,,15,1,10,1,3,0,0,0,0,0,0,0,80,0,,,,,,,,,2
1376-12,19,12,,1,0,0,0,1,1,1,0,1,1,0,,1,0,0,0,0,0,0,,1,1,,3,1,1,0,0,0,0,,3,1,1,0,0,0,0,,1,1,1,0,0,0,0,0,0,0,0,0,0,0,0,,2,0,0,0,0,1,0,,,1,0,0,0,0,0,,0,0,0,0,0,0,0,,1,0,0,0,0,0,,0,0,0,0,0,0,0,,15,2,,2,3,1,0,0,0,50,0,0,108,0,,,,,,,,,2
1376-13,19,13,,1,0,0,0,1,1,1,0,1,1,0,,1,0,0,0,0,0,0,,1,1,,3,1,1,0,0,0,0,,3,1,1,0,0,0,0,,1,1,1,0,0,0,0,0,0,0,0,0,0,0,0,,2,0,0,0,0,1,0,,,1,0,0,0,0,0,,0,0,0,0,0,0,0,,1,0,0,0,0,0,,0,0,0,0,0,0,0,,15,2,,2,3,1,0,0,0,80,0,0,98,1,3,,,10,0,0,10,,2
1376-14,19,14,,1,1,0,0,1,1,1,0,1,1,0,,1,0,0,0,0,0,0,,1,1,,1,0,0,0,0,0,0,,1,0,0,0,0,0,0,,1,1,1,0,0,0,0,0,0,0,0,0,0,0,0,,2,0,0,0,0,1,0,,,1,0,0,0,0,0,,0,0,0,0,0,0,0,,1,0,0,0,0,0,,0,0,0,0,0,0,0,,15,2,,2,3,1,0,0,0,0,0,0,103,1,3,0,0,10,N/A,N/A,10,,2
1376-15,19,15,,1,1,0,0,1,1,1,0,1,1,0,,1,0,0,0,0,0,0,,1,1,,1,0,0,0,0,0,0,,1,0,0,0,0,0,0,,1,1,1,0,0,0,0,0,0,0,0,0,0,0,0,,2,0,0,0,0,1,0,,,1,0,0,0,0,0,,0,0,0,0,0,0,0,,1,0,0,0,0,0,,0,0,0,0,0,0,0,,15,2,,2,3,1,0,0,0,0,0,0,88,1,3,0,0,8,2,0,10,,2
1376-16,19,16,1,0,0,0,0,0,0,0,0,0,0,0,,,0,0,0,0,0,0,,1,1,,1,0,0,0,0,0,0,,1,0,0,0,0,0,0,,1,1,1,0,0,0,0,0,0,0,0,0,0,0,0,,2,0,0,0,0,1,0,,,1,0,0,0,0,0,,0,0,0,0,0,0,0,,1,0,0,0,0,0,,0,0,0,0,0,0,0,,15,2,,2,3,1,0,0,0,0,0,0,133,1,3,0,0,10,N/A,N/A,10,,2
1376-17,19,17,2,0,0,0,0,0,0,0,0,0,0,0,,,0,0,0,0,0,0,,,,,,0,0,0,0,0,0,,,0,0,0,0,0,0,,,,,0,0,0,0,0,0,0,0,0,0,0,0,,2,0,0,0,0,1,0,,,,0,0,0,0,0,,0,0,0,0,0,0,0,,,0,0,0,0,0,,0,0,0,0,0,0,0,,,,,,,,,,,,,,117,1,3,0,0,10,0,0,10,2,2
1376-18,19,18,2,0,0,0,0,0,0,0,0,0,0,0,,,0,0,0,0,0,0,,,,,,0,0,0,0,0,0,,,0,0,0,0,0,0,,,,,0,0,0,0,0,0,0,0,0,0,0,0,,2,0,0,0,0,1,0,,,,0,0,0,0,0,,0,0,0,0,0,0,0,,,0,0,0,0,0,,0,0,0,0,0,0,0,,,,,,,,,,,,,,120,1,3,0,0,9,0,0,10,1,2
1376-19,19,19,2,0,0,0,0,0,0,0,0,0,0,0,,,0,0,0,0,0,0,,,,,,0,0,0,0,0,0,,,0,0,0,0,0,0,,,,,0,0,0,0,0,0,0,0,0,0,0,0,,2,0,0,0,0,1,0,,,,0,0,0,0,0,,0,0,0,0,0,0,0,,,0,0,0,0,0,,0,0,0,0,0,0,0,,,,,,,,,,,,,,111,1,3,0,0,10,N/A,N/A,10,1,2
1378-1,36,13,1,1,1,1,1,1,1,1,0,0,1,0,,2,0,0,0,0,0,0,,2,2,,2,0,0,0,0,0,0,,2,0,0,0,0,0,0,,2,2,2,0,0,0,0,0,0,0,0,0,0,0,0,,2,0,0,0,0,1,0,,,1,0,0,0,0,0,,0,0,0,0,0,0,0,,1,0,0,0,0,0,,0,0,0,0,0,0,0,,0,0,,0,2,,0,40,40,0,0,0,117,0,,,,,,,,,2
1378-2,36,14,1,1,1,1,1,1,1,1,0,0,1,0,,2,0,0,0,0,0,0,,2,2,,2,0,0,0,0,0,0,,2,0,0,0,0,0,0,,2,2,2,0,0,0,0,0,0,0,0,0,0,0,0,,2,0,0,0,0,1,0,,,1,0,0,0,0,0,,0,0,0,0,0,0,0,,1,0,0,0,0,0,,0,0,0,0,0,0,0,,0,0,,0,2,,0,40,40,0,0,0,137,0,,,,,,,,,2
1378-3,36,15,1,1,1,1,1,1,1,1,0,0,1,0,,2,0,0,0,0,0,0,,2,2,,2,0,0,0,0,0,0,,2,0,0,0,0,0,0,,2,2,2,0,0,0,0,0,0,0,0,0,0,0,0,,2,0,0,0,0,1,0,,,1,0,0,0,0,0,,0,0,0,0,0,0,0,,1,0,0,0,0,0,,0,0,0,0,0,0,0,,0,0,,0,2,,0,40,40,0,0,0,109,0,,,,,,,,,2
1378-4,36,16,1,1,1,1,1,1,1,1,0,0,1,0,,2,0,0,0,0,0,0,,2,2,,2,0,0,0,0,0,0,,2,0,0,0,0,0,0,,2,2,2,0,0,0,0,0,0,0,0,0,0,0,0,,2,0,0,0,0,1,0,,,1,0,0,0,0,0,,0,0,0,0,0,0,0,,1,0,0,0,0,0,,0,0,0,0,0,0,0,,0,0,,0,2,,0,40,40,0,0,0,155,0,,,,,,,,,2
1378-5,36,17,1,1,1,1,1,1,1,1,0,0,1,0,,2,0,0,0,0,0,0,,2,2,,2,0,0,0,0,0,0,,2,0,0,0,0,0,0,,2,2,2,0,0,0,0,0,0,0,0,0,0,0,0,,2,0,0,0,0,1,0,,,1,0,0,0,0,0,,0,0,0,0,0,0,0,,1,0,0,0,0,0,,0,0,0,0,0,0,0,,0,0,,0,2,,0,40,40,0,0,0,131,0,,,,,,,,,2
1378-6,36,18,1,1,1,1,1,1,1,1,0,0,1,0,,2,0,0,0,0,0,0,,2,2,,2,0,0,0,0,0,0,,2,0,0,0,0,0,0,,2,2,2,0,0,0,0,0,0,0,0,0,0,0,0,,2,0,0,0,0,1,0,,,1,0,0,0,0,0,,0,0,0,0,0,0,0,,1,0,0,0,0,0,,0,0,0,0,0,0,0,,0,0,,0,2,,0,40,40,0,0,0,129,0,,,,,,,,,2
1381-1,3,5,,1,0,1,1,1,1,1,1,1,1,0,,1,0,0,0,0,0,0,,1,1,,1,0,0,0,0,0,0,,1,0,0,0,0,0,0,,4,1,1,0,0,0,0,0,0,0,0,0,0,0,0,,2,0,0,0,0,1,0,,,1,0,0,0,0,0,,0,0,0,0,0,0,0,,1,0,0,0,0,0,,0,0,0,0,0,0,0,,8,0,,0,1,,90,20,90,90,0,90,290,0,,,,,,,,,2
1381-2,3,6,,1,0,1,1,1,1,1,1,1,1,0,,1,0,0,0,0,0,0,,1,1,,1,0,0,0,0,0,0,,1,0,0,0,0,0,0,,3,1,1,0,0,0,0,0,0,0,0,0,0,0,0,,2,0,0,0,0,1,0,,,1,0,0,0,0,0,,0,0,0,0,0,0,0,,1,0,0,0,0,0,,0,0,0,0,0,0,0,,8,0,,0,1,,80,80,90,20,0,30,300,0,,,,,,,,,2
1381-3,3,1,,1,0,1,0,1,0,1,0,0,1,0,,1,0,0,0,0,0,0,,1,1,,1,0,0,0,0,0,0,,1,0,0,0,0,0,0,,4,1,1,0,0,0,0,0,0,0,0,0,0,0,0,,2,0,0,0,0,1,0,,,1,0,0,0,0,0,,0,0,0,0,0,0,0,,1,0,0,0,0,0,,0,0,0,0,0,0,0,,8,0,,0,1,,90,90,90,90,0,0,300,0,,,,,,,,,2
1381-4,3,2,,1,0,1,0,1,0,1,0,0,1,0,,1,0,0,0,0,0,0,,1,1,,1,0,0,0,0,0,0,,1,0,0,0,0,0,0,,4,1,1,0,0,0,0,0,0,0,0,0,0,0,0,,2,0,0,0,0,1,0,,,1,0,0,0,0,0,,0,0,0,0,0,0,0,,1,0,0,0,0,0,,0,0,0,0,0,0,0,,8,0,,0,1,,90,90,90,90,0,0,300,0,,,,,,,,,2
1381-5,3,3,,1,0,1,0,1,0,1,0,0,1,0,,2,0,0,0,0,0,0,,1,2,,1,0,0,0,0,0,0,,1,0,0,0,0,0,0,,4,1,1,0,0,0,0,0,0,0,0,0,0,0,0,,2,0,0,0,0,1,0,,,1,0,0,0,0,0,,0,0,0,0,0,0,0,,1,0,0,0,0,0,,0,0,0,0,0,0,0,,8,0,,0,1,,90,90,90,90,0,0,300,0,,,,,,,,,2
1381-6,3,4,,1,0,1,1,1,0,1,0,0,1,0,,2,0,0,0,0,0,0,,2,2,,2,0,0,0,0,0,0,,2,0,0,0,0,0,0,,4,2,2,0,0,0,0,0,0,0,0,0,0,0,0,,2,0,0,0,0,1,0,,,2,0,0,0,0,0,,0,0,0,0,0,0,0,,1,0,0,0,0,0,,0,0,0,0,0,0,0,,8,0,,0,1,,20,90,90,90,0,90,300,0,,,,,,,,,2
1381-7,3,7,,1,0,1,1,1,1,1,1,1,1,0,,3,1,0,1,0,0,0,,2,3,1,2,0,0,0,0,0,0,,2,0,0,0,0,0,0,,4,2,2,0,0,0,0,0,0,0,0,0,0,0,0,,0,0,0,0,1,0,0,,,2,0,0,0,0,0,,0,0,0,0,0,0,0,,2,0,0,0,0,0,,0,0,0,0,0,0,0,,10,1,,1,3,0,0,80,20,50,0,90,300,0,,,,,,,,,2
1381-8,3,8,,1,0,1,1,1,1,1,1,1,1,0,,3,1,0,1,0,0,0,,2,3,1,3,1,0,1,0,0,0,,2,0,0,0,0,0,0,,4,3,2,1,0,0,0,0,0,0,0,0,0,0,0,,2,0,0,0,0,1,0,,,3,0,0,1,0,0,,1,0,1,1,1,1,0,,2,0,0,0,0,0,,0,0,0,0,0,0,0,,10,1,,1,3,1,0,80,40,20,0,30,300,1,1,1,,0,,,0,,2
1381-9,3,9,,1,0,1,1,1,1,1,1,1,1,0,,3,1,0,1,0,0,0,,2,3,1,3,1,0,0,1,1,0,,2,0,0,0,0,0,0,,3,3,2,1,0,0,0,0,0,0,0,0,0,0,0,,1,0,0,0,1,0,0,,,3,1,0,0,0,0,,0,0,0,1,0,0,0,,2,0,0,0,0,0,,0,0,0,0,0,0,0,,10,2,,2,3,1,0,0,40,0,0,0,235,1,1,0,,,,,,,2
1381-10,3,10,,1,1,1,1,1,1,1,1,1,1,0,,3,1,0,1,0,0,0,,2,3,1,3,1,1,0,1,1,0,,2,0,0,0,0,0,0,,3,3,2,1,0,0,0,0,0,0,0,0,0,0,0,,1,0,0,0,1,0,0,,,3,1,0,0,0,0,,0,0,0,1,0,0,1,chart audits,2,0,0,0,0,0,,0,0,0,0,0,0,0,,10,1,,2,3,1,0,0,40,20,0,0,266,1,1,3,,0,,,0,,2
1381-11,3,11,,1,0,1,1,1,1,1,1,1,1,0,,3,1,0,1,0,0,0,,2,3,1,3,1,1,0,1,1,0,,2,0,0,0,0,0,0,,3,3,2,0,1,0,0,0,0,0,0,0,0,0,0,,1,0,0,0,1,0,0,,,3,0,0,1,0,0,,0,0,0,1,0,0,0,,2,0,0,0,0,0,,0,0,0,0,0,0,0,,10,2,,2,3,1,0,0,40,50,50,0,227,1,1,4,,2,1,0,2,,2
1381-12,3,12,,1,1,1,1,1,0,1,1,1,1,0,,3,1,0,1,0,0,0,,2,3,1,3,1,1,1,1,1,0,,2,0,0,0,0,0,0,,3,3,2,1,1,0,0,0,0,0,0,0,0,0,0,,1,0,0,0,1,0,0,,,3,0,0,0,0,1,provider note,0,0,0,1,0,0,0,,2,0,0,0,0,0,,0,0,0,0,0,0,0,,10,1,10,1,2,,0,0,50,70,50,0,271,1,1,2,,0,0,0,0,,2
1381-13,3,13,,1,1,1,1,1,0,1,1,1,1,0,,3,1,0,1,0,0,0,,2,3,1,3,1,1,1,1,1,0,,2,0,0,0,0,0,0,,3,3,2,1,1,0,0,0,0,0,0,0,0,0,0,,1,0,0,0,1,0,0,,,3,0,0,0,0,1,provider note,0,0,0,1,0,0,0,,2,0,0,0,0,0,,0,0,0,0,0,0,0,,10,1,10,1,2,,0,0,50,70,50,0,268,1,1,3,,2,0,0,3,,2
1381-14,3,14,,1,1,1,1,1,0,1,1,1,1,0,,3,1,0,1,0,0,0,,2,3,1,3,1,1,1,1,1,0,,2,0,0,0,0,0,0,,3,3,2,1,1,0,0,0,0,0,0,0,0,0,0,,1,0,0,0,1,0,0,,,3,0,0,0,0,1,provider note ,0,0,0,1,0,0,0,,2,0,0,0,0,0,,0,0,0,0,0,0,0,,10,1,10,1,2,,0,0,50,70,50,0,296,1,1,5,,1,0,0,1,,2
1381-15,3,15,,1,1,1,1,1,0,1,1,1,1,0,,3,1,0,1,0,0,0,,2,3,1,3,1,1,1,1,1,0,,2,0,0,0,0,0,0,,3,3,2,1,1,0,0,0,0,0,0,0,0,0,0,,1,0,0,0,1,0,1,,,3,0,0,0,0,1,provider notes,0,0,0,1,0,0,0,,2,0,0,0,0,0,,0,0,0,0,0,0,0,,10,1,10,1,2,,0,0,50,70,50,0,284,1,1,3,,0,10,0,10,,2
1381-16,3,16,,1,1,1,1,1,0,1,1,1,1,0,,3,1,0,1,0,0,0,,2,3,1,3,1,1,1,1,1,0,,2,0,0,0,0,0,0,,3,3,3,1,1,0,0,0,0,0,0,0,0,0,0,,1,0,0,0,1,0,0,,,3,0,0,0,0,1,provider note,0,0,0,1,0,0,0,,2,0,0,0,0,0,,0,0,0,0,0,0,0,,10,1,10,1,2,,0,0,50,70,50,0,327,1,1,3,,1,0,0,1,,2
1381-17,3,5,,1,1,1,1,1,0,1,1,1,1,0,,3,1,0,1,0,0,0,,2,3,1,3,1,1,1,1,1,0,,2,0,0,0,0,0,0,,3,3,2,1,1,0,0,0,0,0,0,0,0,0,0,,1,0,0,0,1,0,0,,,3,0,0,0,0,1,provider notes,0,0,0,1,0,0,0,,2,0,0,0,0,0,,0,0,0,0,0,0,0,,10,1,10,1,2,,0,0,50,70,50,0,322,1,1,7,,0,0,0,0,,2
1381-18,3,18,2,0,0,0,0,0,0,0,0,0,0,0,,,0,0,0,0,0,0,,,,,,0,0,0,0,0,0,,,0,0,0,0,0,0,,,,,0,0,0,0,0,0,0,0,0,0,0,0,,1,1,0,0,0,0,0,,,,0,0,0,0,0,,0,0,0,0,0,0,0,,,0,0,0,0,0,,0,0,0,0,0,0,0,,,,,,,,,,,,,,269,1,1,4,,4,0,0,5,1,2
1381-19,3,19,2,0,0,0,0,0,0,0,0,0,0,0,,,0,0,0,0,0,0,,,,,,0,0,0,0,0,0,,,0,0,0,0,0,0,,,,,0,0,0,0,0,0,0,0,0,0,0,0,,1,1,0,0,0,0,0,,,,0,0,0,0,0,,0,0,0,0,0,0,0,,,0,0,0,0,0,,0,0,0,0,0,0,0,,,,,,,,,,,,,,284,1,1,5,,2,0,0,2,1,2
1381-20,3,20,2,0,0,0,0,0,0,0,0,0,0,0,,,0,0,0,0,0,0,,,,,,0,0,0,0,0,0,,,0,0,0,0,0,0,,,,,0,0,0,0,0,0,0,0,0,0,0,0,,1,1,0,0,0,0,0,,,,0,0,0,0,0,,0,0,0,0,0,0,0,,,0,0,0,0,0,,0,0,0,0,0,0,0,,,,,,,,,,,,,,279,1,1,2,,1,0,2,1,2,2
1382-1,50,4,,1,0,1,1,1,1,1,1,0,0,0,,2,0,0,0,0,0,0,,1,1,,1,0,0,0,0,0,0,,1,0,0,0,0,0,0,,4,1,1,0,0,0,0,0,0,0,0,0,0,0,0,,2,0,0,0,0,1,0,,,1,0,0,0,0,0,,0,0,0,0,0,0,0,,1,0,0,0,0,0,,0,0,0,0,0,0,0,,5,0,,0,1,,0,0,0,0,0,0,109,0,,,,,,,,,2
1382-2,50,5,,1,0,1,1,1,1,1,1,0,0,0,,2,0,0,0,0,0,0,,2,1,,1,0,0,0,0,0,0,,1,0,0,0,0,0,0,,4,1,1,0,0,0,0,0,0,0,0,0,0,0,0,,2,0,0,0,0,1,0,,,1,0,0,0,0,0,,0,0,0,0,0,0,0,,1,0,0,0,0,0,,0,0,0,0,0,0,0,,5,0,,0,1,,0,0,0,0,0,0,122,0,,,,,,,,,2
1382-3,50,1,,1,0,1,1,1,1,1,1,0,0,0,,1,0,0,0,0,0,0,,1,1,,1,0,0,0,0,0,0,,1,0,0,0,0,0,0,,4,1,1,0,0,0,0,0,0,0,0,0,0,0,0,,2,0,0,0,0,1,0,,,1,0,0,0,0,0,,0,0,0,0,0,0,0,,1,0,0,0,0,0,,0,0,0,0,0,0,0,,7,0,,0,1,,0,0,0,0,0,0,112,0,,,,,,,,,2
1382-4,50,2,,1,0,1,1,1,1,1,1,0,0,0,,1,0,0,0,0,0,0,,1,1,,1,0,0,0,0,0,0,,1,0,0,0,0,0,0,,4,1,1,0,0,0,0,0,0,0,0,0,0,0,0,,2,0,0,0,0,1,0,,,1,0,0,0,0,0,,0,0,0,0,0,0,0,,1,0,0,0,0,0,,0,0,0,0,0,0,0,,7,0,,0,1,,0,0,0,0,0,0,128,0,,,,,,,,,2
1382-5,50,3,,1,0,1,1,1,1,1,1,0,0,0,,2,0,0,0,0,0,0,,1,1,,1,0,0,0,0,0,0,,1,0,0,0,0,0,0,,4,1,1,0,0,0,0,0,0,0,0,0,0,0,0,,2,0,0,0,0,1,0,,,1,0,0,0,0,0,,0,0,0,0,0,0,0,,1,0,0,0,0,0,,0,0,0,0,0,0,0,,7,0,,0,1,,0,0,0,0,0,0,122,0,,,,,,,,,2
1382-6,50,6,,1,0,1,1,1,1,1,1,0,0,0,,3,0,1,0,0,0,0,,3,2,,2,0,0,0,0,0,0,,2,0,0,0,0,0,0,,1,2,2,0,0,0,0,0,0,0,0,0,0,0,0,,0,0,0,0,0,1,0,,,2,0,0,0,0,0,,0,0,0,0,0,0,0,,2,0,0,0,0,0,,0,0,0,0,0,0,0,,7,2,,1,2,,90,0,80,0,0,0,107,0,,,,,,,,,2
1382-7,50,7,,1,0,1,1,1,1,1,1,0,0,0,,3,0,1,0,0,0,0,,3,2,,2,0,0,0,0,0,0,,2,0,0,0,0,0,0,,1,2,2,0,0,0,0,0,0,0,0,0,0,0,0,,0,0,0,0,0,1,0,,,2,0,0,0,0,0,,0,0,0,0,0,0,0,,2,0,0,0,0,0,,0,0,0,0,0,0,0,,7,2,,1,2,,90,0,80,0,0,0,144,0,,,,,,,,,2
1382-8,50,8,,1,0,1,1,1,1,1,1,0,0,0,,3,0,1,0,0,0,0,,3,2,,2,0,0,0,0,0,0,,2,0,0,0,0,0,0,,1,2,2,0,0,0,0,0,0,0,0,0,0,0,0,,0,0,0,0,0,1,0,,,2,0,0,0,0,0,,0,0,0,0,0,0,0,,2,0,0,0,0,0,,0,0,0,0,0,0,0,,7,2,,1,2,,90,0,80,0,0,0,114,0,,,,,,,,,2
1382-9,50,9,,1,0,1,1,1,1,1,1,0,0,0,,3,0,1,0,0,0,0,,3,2,,2,0,0,0,0,0,0,,2,0,0,0,0,0,0,,1,2,2,0,0,0,0,0,0,0,0,0,0,0,0,,0,0,0,0,0,1,0,,,2,0,0,0,0,0,,0,0,0,0,0,0,0,,2,0,0,0,0,0,,0,0,0,0,0,0,0,,7,2,,1,2,,90,0,80,0,0,0,112,0,,,,,,,,,2
1382-10,50,10,,1,0,1,1,1,1,1,1,0,0,0,,3,0,1,0,0,0,0,,3,2,,2,0,0,0,0,0,0,,2,0,0,0,0,0,0,,1,2,2,0,0,0,0,0,0,0,0,0,0,0,0,,0,0,0,0,1,0,0,,,2,0,0,0,0,0,,0,0,0,0,0,0,0,,2,0,0,0,0,0,,0,0,0,0,0,0,0,,7,2,,1,2,,90,0,80,0,0,0,96,0,,,,,,,,,2
1382-11,50,11,,1,0,1,1,1,1,1,0,0,0,0,,3,0,1,0,0,0,0,,3,2,,2,0,0,0,0,0,0,,2,0,0,0,0,0,0,,1,2,2,0,0,0,0,0,0,0,0,0,0,0,0,,0,0,0,0,1,0,0,,,2,0,0,0,0,0,,0,0,0,0,0,0,0,,2,0,0,0,0,0,,0,0,0,0,0,0,0,,7,2,,1,2,,90,0,80,0,0,0,115,0,,,,,,,,,2
1382-12,50,12,,1,0,1,1,1,1,1,0,0,0,0,,3,0,1,0,0,0,0,,3,2,,2,0,0,0,0,0,0,,2,0,0,0,0,0,0,,1,2,2,0,0,0,0,0,0,0,0,0,0,0,0,,1,0,0,0,1,0,0,,,2,0,0,0,0,0,,0,0,0,0,0,0,0,,2,0,0,0,0,0,,0,0,0,0,0,0,0,,7,2,,1,2,,90,0,80,0,0,0,104,0,,,,,,,,,2
1382-13,50,13,,1,0,1,1,1,1,1,0,0,0,0,,3,0,1,0,0,0,0,,3,2,,2,0,0,0,0,0,0,,2,0,0,0,0,0,0,,1,2,2,0,0,0,0,0,0,0,0,0,0,0,0,,1,0,0,0,1,0,0,,,2,0,0,0,0,0,,0,0,0,0,0,0,0,,2,0,0,0,0,0,,0,0,0,0,0,0,0,,7,2,,1,2,,90,0,80,0,0,0,104,0,,,,,,,,,2
1382-14,50,14,1,1,0,1,1,1,0,1,0,0,0,0,,3,0,1,0,0,0,0,,3,2,,2,0,0,0,0,0,0,,2,0,0,0,0,0,0,,1,2,2,0,0,0,0,0,0,0,0,0,0,0,0,,1,0,0,0,1,0,0,,,2,0,0,0,0,0,,0,0,0,0,0,0,0,,2,0,0,0,0,0,,0,0,0,0,0,0,0,,7,2,,1,2,,90,0,80,0,0,0,104,0,,,,,,,,,2
1382-15,50,15,1,1,0,1,1,1,0,1,1,0,0,0,,3,0,1,0,0,0,0,,3,2,,2,0,0,0,0,0,0,,2,0,0,0,0,0,0,,1,2,2,0,0,0,0,0,0,0,0,0,0,0,0,,1,0,0,0,1,0,0,,,2,0,0,0,0,0,,0,0,0,0,0,0,0,,2,0,0,0,0,0,,0,0,0,0,0,0,0,,7,2,,1,2,,90,0,80,0,0,0,118,0,,,,,,,,,2
1382-16,50,16,1,1,0,1,1,1,0,1,1,0,0,0,,3,0,1,0,0,0,0,,3,2,,2,0,0,0,0,0,0,,2,0,0,0,0,0,0,,1,2,2,0,0,0,0,0,0,0,0,0,0,0,0,,1,0,0,0,1,0,0,,,2,0,0,0,0,0,,0,0,0,0,0,0,0,,2,0,0,0,0,0,,0,0,0,0,0,0,0,,7,2,,1,2,,90,0,80,0,0,0,118,0,,,,,,,,,2
1382-17,50,17,1,1,0,1,1,1,0,1,1,0,0,0,,3,0,1,0,0,0,0,,3,2,,2,0,0,0,0,0,0,,2,0,0,0,0,0,0,,1,2,2,0,0,0,0,0,0,0,0,0,0,0,0,,1,0,0,0,1,0,0,,,2,0,0,0,0,0,,0,0,0,0,0,0,0,,2,0,0,0,0,0,,0,0,0,0,0,0,0,,7,2,,1,2,,90,0,80,0,0,0,127,0,,,,,,,,,2
1382-18,50,18,1,1,0,1,1,1,0,1,1,0,0,0,,3,0,1,0,0,0,0,,2,2,,3,1,0,0,1,1,0,,1,0,0,0,0,0,0,,1,3,2,1,0,1,0,0,0,0,0,0,0,0,0,,1,0,0,0,1,0,0,,,3,1,1,0,0,0,,0,0,0,1,0,0,1,Documentation - Work around education of RN until EMR revisions can be completed,2,0,0,0,0,0,,0,0,0,0,0,0,0,,7,2,,1,3,1,90,0,80,50,0,0,135,0,,,,,,,,,2
1418-1,21,5,,1,1,1,1,1,1,1,0,0,0,0,,2,0,0,0,0,0,0,,2,2,,2,0,0,0,0,0,0,,2,0,0,0,0,0,0,,1,3,3,0,1,0,0,0,0,0,0,0,0,0,0,,2,0,0,0,0,1,0,,,3,0,1,0,0,0,,0,0,0,0,0,0,1,billing and tracking trhough pharmacy will be in place 10/1/18,3,0,0,0,0,1,EMR device location,0,0,0,1,0,0,0,,23,0,,1,2,,0,0,0,0,0,0,332,0,,,,,,,,,2
1418-2,21,1,,1,1,1,1,1,1,1,0,0,0,0,,2,0,0,0,0,0,0,,2,2,,2,0,0,0,0,0,0,,2,0,0,0,0,0,0,,1,3,3,0,1,0,0,0,0,0,0,0,0,0,0,,2,0,0,0,0,1,0,,,3,0,1,0,0,0,,0,0,0,0,0,0,1,billing and tracking through pharmacy will be in place 10/1/18,3,0,0,0,0,1,EMR Device location,0,0,0,1,0,0,0,,23,0,,1,2,,0,0,0,0,0,0,339,0,,,,,,,,,2
1418-3,21,2,,1,1,1,1,1,1,1,0,0,0,0,,2,0,0,0,0,0,0,,2,2,,2,0,0,0,0,0,0,,2,0,0,0,0,0,0,,1,3,3,0,1,0,0,0,0,0,0,0,0,0,0,,2,0,0,0,0,1,0,,,3,0,1,0,0,0,,0,0,0,0,0,0,1,billing and tracking through pharmacey will be in place 10/1/18,3,0,0,0,0,1,EMR device location,0,0,0,1,0,0,0,,23,0,,1,2,,0,0,0,0,0,0,316,0,,,,,,,,,2
1418-4,21,3,,1,1,1,1,1,1,1,0,0,0,0,,2,0,0,0,0,0,0,,2,2,,2,0,0,0,0,0,0,,2,0,0,0,0,0,0,,1,3,3,0,1,0,0,0,0,0,0,0,0,0,0,,2,0,0,0,0,1,0,,,3,0,1,0,0,0,,0,0,0,0,0,0,1,billing and tracking through pharmacy will be in place 10/1/18,3,0,0,0,0,1,EMR device location,0,0,0,1,0,0,0,,23,0,,1,2,,0,0,0,0,0,0,323,0,,,,,,,,,2
1418-5,21,4,,1,1,1,1,1,1,1,0,0,0,0,,2,0,0,0,0,0,0,,2,2,,2,0,0,0,0,0,0,,2,0,0,0,0,0,0,,1,3,3,0,1,0,0,0,0,0,0,0,0,0,0,,2,0,0,0,0,1,0,,,3,0,1,0,0,0,,0,0,0,0,0,0,1,billing and tracking thorugh pharmacy will be in place 10/1/18,3,0,0,0,0,1,EMR device location,0,0,0,1,0,0,0,,23,0,,1,2,,0,0,0,0,0,0,367,0,,,,,,,,,2
1418-6,21,6,,1,1,1,1,1,1,0,0,0,0,0,,2,0,0,0,0,0,0,,2,2,,2,0,0,0,0,0,0,,2,0,0,0,0,0,0,,1,3,3,0,1,0,0,0,0,0,0,0,0,0,0,,2,0,0,0,0,1,0,,,3,0,1,0,0,0,,0,0,0,0,0,0,1,billing and tracking through parmacy will be in place 10/1/18,3,0,0,0,0,1,EMR device location,0,0,0,1,0,0,0,,23,0,,1,2,,0,0,0,0,0,0,326,0,,,,,,,,,2
1418-7,21,7,,1,1,1,1,1,1,1,0,0,0,0,,2,0,0,0,0,0,0,,2,2,,2,0,0,0,0,0,0,,2,0,0,0,0,0,0,,1,3,3,0,1,0,0,0,0,0,0,0,0,0,0,,2,0,0,0,0,1,0,,,3,0,1,0,0,1,billing and tracking through pharmacy ,0,0,0,1,0,0,0,,2,0,0,0,0,0,,0,0,0,0,0,0,0,,23,0,,1,2,,0,0,0,0,0,0,340,0,,,,,,,,,2
1418-8,21,8,,1,1,1,1,1,1,1,0,0,0,0,,2,0,0,0,0,0,0,,2,2,,2,0,0,0,0,0,0,,2,0,0,0,0,0,0,,1,3,3,0,1,0,0,0,0,0,0,0,0,0,0,,2,0,0,0,0,1,0,,,3,0,1,0,0,0,,0,0,0,1,0,0,0,,3,0,1,0,0,0,,0,0,0,1,0,0,0,,23,0,,1,2,,0,0,0,0,0,0,298,0,,,,,,,,,2
1418-9,21,9,,1,1,1,1,1,1,1,0,0,0,0,,2,0,0,0,0,0,0,,2,2,,2,0,0,0,0,0,0,,2,0,0,0,0,0,0,,1,3,3,0,1,0,0,0,0,0,0,0,0,0,0,,2,0,0,0,0,1,0,,,3,0,1,0,0,0,,0,0,0,0,0,0,1,pharmacy billing and tracking,3,0,0,0,0,1,EMR device location,0,0,0,1,0,0,0,,23,0,,1,2,,0,90,0,0,0,0,265,0,,,,,,,,,2
1418-10,21,10,,1,1,1,1,1,1,1,0,0,0,0,,2,0,0,0,0,0,0,,2,2,,2,0,0,0,0,0,0,,2,0,0,0,0,0,0,,1,3,3,0,1,0,0,0,0,0,0,0,0,0,0,,2,0,0,0,0,1,0,,,2,0,0,0,0,0,,0,0,0,0,0,0,0,,2,0,0,0,0,0,,0,0,0,0,0,0,0,,23,0,,1,2,,0,90,0,0,0,0,274,0,,,,,,,,,2
1418-11,21,11,,1,1,1,1,1,1,1,0,0,0,0,,2,0,0,0,0,0,0,,2,2,,2,0,0,0,0,0,0,,2,0,0,0,0,0,0,,1,3,3,0,1,0,0,0,0,0,0,0,0,0,0,,2,0,0,0,0,1,0,,,2,0,0,0,0,0,,0,0,0,0,0,0,0,,2,0,0,0,0,0,,0,0,0,0,0,0,0,,23,0,,1,2,,0,50,0,0,0,0,292,0,,,,,,,,,2
1418-12,21,12,,1,1,1,1,1,1,1,0,1,0,0,,3,1,0,0,0,1,0,,3,3,3,3,1,1,0,1,1,0,,3,1,1,0,1,1,0,,1,3,3,0,1,0,0,0,0,0,0,0,0,0,0,,2,0,0,0,0,1,0,,,3,0,1,0,0,0,,0,0,0,0,0,0,1,Billing and tracking thorugh pharmacy,3,0,1,0,0,0,,0,0,0,0,0,0,1,Billing and tracking through pharmacy,23,0,,1,3,1,0,50,0,40,0,0,294,0,,,,,,,,,2
1418-13,21,13,,1,1,1,1,1,1,1,0,1,0,0,,3,1,0,0,0,1,0,,3,3,3,3,1,0,0,0,0,0,,3,0,1,0,0,0,0,,1,3,3,0,1,0,0,0,0,0,0,0,0,0,0,,2,0,0,0,0,1,0,,,3,0,1,0,0,0,,0,0,0,0,0,0,1,tracking through pyxis system,3,0,1,0,0,0,,0,0,0,0,0,0,1,tracking through pyxis biolling thorugh pharmacy,23,1,3,1,3,1,0,50,0,0,0,0,269,1,3,0,0,5,0,2,6,,2
1418-14,21,14,,1,1,1,1,1,1,1,0,1,0,0,,3,1,0,0,0,1,0,,3,3,3,3,1,1,0,1,1,0,,3,1,1,0,1,1,0,,1,3,3,0,1,0,0,0,0,0,0,0,0,0,0,,1,0,0,0,0,0,1,,,3,0,1,0,0,0,,0,0,0,0,0,0,1,Billing and taracking thorugh pharmacy/pyxis,3,0,1,0,0,0,,0,0,0,1,1,1,0,,23,0,,1,3,1,0,40,0,0,0,80,332,1,3,0,2,0,0,2,0,,2
1418-15,21,15,,1,1,1,1,1,1,1,0,1,0,0,,3,1,0,0,0,1,0,,3,3,3,3,1,1,0,1,1,0,,3,1,1,0,1,1,0,,1,3,3,0,1,0,0,0,0,0,0,0,0,0,0,,1,0,0,0,0,0,1,,,3,0,1,0,0,0,,0,0,0,0,0,0,1,other ,3,0,1,0,0,0,,0,0,0,1,1,1,0,,23,0,,2,3,1,0,40,0,0,0,80,315,1,3,2,0,6,0,0,3,,2
1418-16,21,16,,1,1,1,1,1,1,1,0,1,0,0,,3,1,0,0,0,1,0,,3,3,3,3,1,1,0,1,1,0,,3,1,1,0,1,1,0,,1,3,3,0,1,0,0,0,0,0,0,0,0,0,0,,1,0,0,0,0,0,1,,,3,0,1,0,0,0,,0,0,0,0,0,1,0,,3,0,1,0,0,0,,0,0,0,1,1,1,0,,23,0,,2,3,1,0,40,0,0,0,80,276,1,3,1,1,2,0,0,3,,2
1418-17,21,17,2,0,0,0,0,0,0,0,0,0,0,0,,,0,0,0,0,0,0,,,,,,0,0,0,0,0,0,,,0,0,0,0,0,0,,,,,0,0,0,0,0,0,0,0,0,0,0,0,,1,0,0,0,0,0,1,,,,0,0,0,0,0,,0,0,0,0,0,0,0,,,0,0,0,0,0,,0,0,0,0,0,0,0,,,,,,,,,,,,,,313,1,3,2,2,5,0,0,3,1,2
1418-18,21,18,2,0,0,0,0,0,0,0,0,0,0,0,,,0,0,0,0,0,0,,,,,,0,0,0,0,0,0,,,0,0,0,0,0,0,,,,,0,0,0,0,0,0,0,0,0,0,0,0,,1,0,0,0,0,0,1,,,,0,0,0,0,0,,0,0,0,0,0,0,0,,,0,0,0,0,0,,0,0,0,0,0,0,0,,,,,,,,,,,,,,317,1,3,3,0,9,0,0,4,1,2
1419-1,56,1,,1,0,0,1,1,1,1,1,0,0,1,Materials management/supply chain,3,1,0,0,0,1,0,,3,3,3,3,1,0,1,0,0,0,,3,1,1,1,0,0,0,,2,3,3,1,0,0,0,0,0,0,0,0,0,0,0,,1,1,0,0,0,0,0,,,1,0,0,0,0,0,,0,0,0,0,0,0,0,,1,0,0,0,0,0,,0,0,0,0,0,0,0,,1,2,,2,2,,60,60,60,0,0,0,143,1,3,4,2,0,,,0,,2
1419-2,56,2,,1,0,1,1,1,1,1,1,0,0,0,,3,1,0,0,0,1,0,,3,3,3,3,1,1,1,0,0,0,,3,0,1,0,0,0,0,,2,3,3,1,0,0,0,0,0,0,0,0,0,0,0,,1,1,0,0,1,0,0,,,1,0,0,0,0,0,,0,0,0,0,0,0,0,,1,0,0,0,0,0,,0,0,0,0,0,0,0,,1,1,1,2,2,,60,60,70,0,0,0,179,1,3,0,7,2,,,2,,2
1419-3,56,3,,0,0,1,1,1,1,1,1,0,0,0,,3,1,0,0,0,1,0,,3,3,3,3,1,0,1,0,0,0,,3,0,1,0,0,0,0,,2,2,2,0,0,0,0,0,0,0,0,0,0,0,0,,1,1,0,0,1,0,0,,,1,0,0,0,0,0,,0,0,0,0,0,0,0,,1,0,0,0,0,0,,0,0,0,0,0,0,0,,1,1,1,2,2,,60,60,80,0,0,0,152,1,3,3,1,6,,,3,,2
1419-4,56,4,,0,0,1,1,1,1,1,0,0,0,0,,3,1,0,0,0,1,0,,3,3,3,3,1,0,1,0,0,0,,3,0,1,0,0,0,0,,2,2,2,0,0,0,0,0,0,0,0,0,0,0,0,,1,1,1,0,0,0,0,1,,1,0,0,0,0,0,,0,0,0,0,0,0,0,,1,0,0,0,0,0,,0,0,0,0,0,0,0,,1,1,1,2,2,,60,60,80,0,0,0,141,1,3,2,2,2,,,2,,2
1419-5,56,5,,1,0,1,1,1,1,1,0,0,0,0,,3,1,0,0,0,1,0,,3,3,3,3,1,0,1,0,0,0,,3,1,1,1,0,0,0,,2,2,2,0,0,0,0,0,0,0,0,0,0,0,0,,1,0,1,0,1,0,0,1,,2,0,0,0,0,0,,0,0,0,0,0,0,0,,2,0,0,0,0,0,,0,0,0,0,0,0,0,,4,2,,2,3,1,70,70,70,0,0,0,188,1,3,2,3,2,,,1,,2
1419-6,56,6,,1,0,1,1,1,1,1,1,0,0,0,,3,1,0,0,0,1,0,,3,3,3,3,1,0,1,0,0,0,,3,0,1,0,0,0,0,,2,3,3,1,0,0,0,0,0,0,0,0,0,0,0,,1,1,0,0,0,0,0,,,3,0,0,1,1,0,,1,0,0,0,1,1,0,,2,0,0,0,0,0,,0,0,0,0,0,0,0,,4,2,,2,2,,60,70,60,0,0,0,166,1,3,1,3,2,,,1,,2
1419-7,56,7,,1,0,1,1,1,1,1,1,0,0,0,,3,1,0,0,0,1,0,,3,3,3,3,1,1,1,0,0,0,,3,0,1,0,0,0,0,,4,3,3,0,1,0,0,0,0,0,0,0,0,0,0,,1,0,0,0,1,0,0,,,3,0,0,1,1,0,,0,0,0,0,1,1,0,,3,0,0,1,1,0,,1,0,0,0,0,1,0,,10,2,,2,2,,0,70,70,0,0,0,174,1,3,0,1,2,,,3,,2
1419-8,56,8,,1,0,1,1,1,1,1,1,0,0,0,,3,1,0,0,0,1,0,,3,3,3,3,1,1,0,0,0,0,,3,0,1,0,0,0,0,,4,3,3,0,1,0,0,0,0,0,0,0,0,0,0,,1,0,1,0,1,0,0,1,,3,0,0,1,0,0,,0,0,0,0,0,1,0,,3,0,0,1,0,0,,0,0,0,0,0,1,0,,4,1,3,1,3,1,0,80,0,0,0,0,140,1,3,0,4,5,,,5,,2
1419-9,56,9,,1,0,1,1,1,1,1,0,0,0,0,,3,1,0,0,0,1,0,,3,3,1,3,1,0,1,0,1,0,,3,0,1,0,0,1,0,,4,3,3,0,1,0,0,0,0,0,0,0,0,0,0,,1,0,1,0,1,0,0,1,,3,0,0,1,0,0,,0,0,0,0,0,1,0,,3,0,0,1,0,0,,0,0,0,0,0,1,0,,4,2,,1,1,,0,80,0,0,0,0,151,1,3,2,1,3,,,3,,2
1419-10,56,10,,1,0,1,1,0,0,1,0,1,0,0,,3,1,0,0,0,1,0,,3,3,3,3,1,1,1,0,0,0,,3,1,1,1,0,0,0,,4,3,3,0,1,0,0,0,0,0,0,0,0,0,0,,1,0,1,0,1,0,0,1,,2,0,0,0,0,0,,0,0,0,0,0,0,0,,2,0,0,0,0,0,,0,0,0,0,0,0,0,,4,2,,2,3,1,0,80,0,0,0,0,138,1,3,1,3,2,,,3,,2
1419-11,56,11,,1,0,1,1,1,1,1,1,0,0,0,,3,1,0,0,0,1,0,,3,3,1,3,1,0,0,0,0,0,,3,0,1,0,0,0,0,,4,3,3,0,1,0,0,0,0,0,0,0,0,0,0,,1,0,1,0,0,0,0,1,,3,1,0,0,0,0,,0,0,0,0,1,1,0,,3,1,0,0,0,0,,0,0,0,0,1,1,0,,4,2,,1,2,,0,80,0,0,0,0,134,1,3,1,3,2,1,1,4,,2
1419-16,56,16,,1,0,1,1,1,1,1,1,0,0,0,,3,1,0,0,0,1,0,,3,3,3,3,1,0,1,0,0,0,,3,0,1,0,0,0,0,,4,3,3,1,1,0,0,0,0,0,0,0,0,0,0,,1,0,1,0,0,0,0,1,,3,1,0,0,0,0,,0,1,0,0,1,1,0,,3,1,0,0,0,0,,0,1,0,0,0,1,0,,4,2,,2,3,1,0,80,0,0,0,0,178,1,3,1,5,8,0,0,9,,2
1419-17,56,15,,1,0,1,1,1,1,1,1,0,0,0,,3,1,0,0,0,1,0,,3,3,3,3,1,0,1,0,0,0,,3,0,1,0,0,0,0,,4,3,3,1,1,0,0,0,0,0,0,0,0,0,0,,1,0,1,0,0,0,0,1,,3,1,0,0,0,0,,0,0,0,0,1,1,0,,3,1,0,0,0,0,,0,0,0,0,1,1,0,,4,2,,2,3,1,0,80,0,0,0,0,154,1,3,0,1,3,0,0,8,,2
1419-18,56,14,,1,0,1,1,1,1,1,1,0,0,0,,3,1,0,0,0,1,0,,3,3,3,3,1,0,1,0,0,0,,3,0,1,0,0,0,0,,4,3,3,1,1,0,0,0,0,0,0,0,0,0,0,,1,0,1,0,0,0,0,1,,3,1,0,0,0,0,,0,0,0,0,0,1,0,,3,1,0,0,0,0,,0,0,0,0,0,1,0,,4,2,,2,3,1,0,80,0,0,0,0,151,1,3,0,2,4,0,0,8,,2
1419-19,56,13,,1,0,1,1,1,1,1,1,0,0,0,,3,1,0,0,0,1,0,,3,3,3,3,1,0,1,0,0,0,,3,0,1,0,0,0,0,,4,3,3,1,1,0,0,0,0,0,0,0,0,0,0,,1,0,1,0,0,0,0,1,,3,1,0,0,0,0,,0,0,0,0,0,1,0,,3,1,0,0,0,0,,0,0,0,0,0,1,0,,4,2,,2,3,1,0,80,0,0,0,0,183,1,3,0,1,4,0,2,4,,2
1419-20,56,12,,1,0,1,1,1,1,1,1,0,0,0,,3,1,0,0,0,1,0,,3,3,3,3,1,0,1,0,0,0,,3,0,1,0,0,0,0,,4,3,3,1,1,0,0,0,0,0,0,0,0,0,0,,1,0,1,0,0,0,0,1,,3,1,0,0,0,0,,0,0,0,0,0,1,0,,3,1,0,0,0,0,,0,0,0,0,0,1,0,,4,2,,2,3,1,0,80,0,0,0,0,181,1,3,1,4,3,0,2,8,,2
1419-21,56,17,1,1,0,1,1,1,1,1,1,0,0,0,,3,1,0,0,0,1,0,,3,3,3,3,1,0,1,0,0,0,,3,0,1,0,0,0,0,,4,3,3,1,1,0,0,0,0,0,0,0,0,0,0,,1,0,1,0,0,0,0,1,,3,1,0,0,0,0,,0,0,0,0,0,1,0,,2,0,0,0,0,0,,0,0,0,0,0,0,0,,4,2,,2,3,1,0,80,0,0,0,0,186,1,3,2,5,8,0,0,8,,2
1419-22,56,18,1,1,0,1,1,1,1,1,1,0,0,0,,3,1,0,0,0,1,0,,3,3,3,3,1,0,1,0,0,0,,3,0,1,0,0,0,0,,4,3,3,1,1,0,0,0,0,0,0,0,0,0,0,,1,0,1,0,0,0,0,1,,3,1,0,0,0,0,,0,0,0,0,0,1,0,,2,0,0,0,0,0,,0,0,0,0,0,0,0,,4,2,,1,3,1,0,80,0,0,0,0,165,1,3,1,3,7,0,0,9,,2
1419-23,56,19,1,1,0,1,1,1,1,1,1,0,0,0,,3,1,0,0,0,1,0,,3,3,3,3,1,0,1,0,0,0,,3,0,1,0,0,0,0,,4,3,3,1,1,0,0,0,0,0,0,0,0,0,0,,1,0,1,0,0,0,0,1,,3,1,0,0,0,0,,0,0,0,0,0,1,0,,2,0,0,0,0,0,,0,0,0,0,0,0,0,,4,2,,1,3,1,0,80,0,0,0,0,157,1,3,1,0,5,0,0,5,,2
1419-24,56,20,1,1,0,1,1,1,1,1,1,0,0,0,,3,1,0,0,0,1,0,,3,3,3,3,1,0,1,0,0,0,,3,0,1,0,0,0,0,,4,3,3,1,1,0,0,0,0,0,0,0,0,0,0,,1,0,1,0,0,0,0,1,,3,1,0,0,0,0,,0,0,0,0,0,1,0,,2,0,0,0,0,0,,0,0,0,0,0,0,0,,4,2,,1,3,1,0,80,0,0,0,0,169,1,3,1,4,6,0,0,5,,2
1420-1,18,1,,0,0,0,0,1,0,0,0,0,0,0,,1,0,0,0,0,0,0,,1,1,,1,0,0,0,0,0,0,,1,0,0,0,0,0,0,,4,1,1,0,0,0,0,0,0,0,0,0,0,0,0,,2,0,0,0,0,1,0,,,1,0,0,0,0,0,,0,0,0,0,0,0,0,,1,0,0,0,0,0,,0,0,0,0,0,0,0,,1,0,,0,1,,0,0,0,0,0,0,225,0,,,,,,,,,2
1420-2,18,2,,0,0,0,0,1,0,0,0,0,0,0,,1,0,0,0,0,0,0,,1,1,,1,0,0,0,0,0,0,,1,0,0,0,0,0,0,,4,1,1,0,0,0,0,0,0,0,0,0,0,0,0,,2,0,0,0,0,1,0,,,1,0,0,0,0,0,,0,0,0,0,0,0,0,,1,0,0,0,0,0,,0,0,0,0,0,0,0,,1,0,,0,1,,0,0,0,0,0,0,242,0,,,,,,,,,2
1420-3,18,3,,1,0,0,0,1,0,1,0,0,0,0,,1,0,0,0,0,0,0,,1,1,,1,0,0,0,0,0,0,,1,0,0,0,0,0,0,,4,1,1,0,0,0,0,0,0,0,0,0,0,0,0,,2,0,0,0,0,1,0,,,1,0,0,0,0,0,,0,0,0,0,0,0,0,,1,0,0,0,0,0,,0,0,0,0,0,0,0,,1,0,,0,1,,90,90,0,0,0,0,225,0,,,,,,,,,2
1420-4,18,4,,1,0,0,0,1,0,1,0,0,0,0,,1,0,0,0,0,0,0,,1,1,,1,0,0,0,0,0,0,,1,0,0,0,0,0,0,,4,1,1,0,0,0,0,0,0,0,0,0,0,0,0,,2,0,0,0,0,1,0,,,1,0,0,0,0,0,,0,0,0,0,0,0,0,,1,0,0,0,0,0,,0,0,0,0,0,0,0,,1,0,,0,1,,90,90,90,0,0,0,209,0,,,,,,,,,2
1420-5,18,5,,1,0,1,1,1,1,1,1,1,0,1,Unit Educators,2,0,0,0,0,0,0,,2,2,,2,0,0,0,0,0,0,,2,0,0,0,0,0,0,,4,1,1,0,0,0,0,0,0,0,0,0,0,0,0,,2,0,0,0,0,1,0,,,2,0,0,0,0,0,,0,0,0,0,0,0,0,,2,0,0,0,0,0,,0,0,0,0,0,0,0,,1,0,,0,2,,90,90,90,90,0,0,232,0,,,,,,,,,2
1420-6,18,6,,1,1,1,1,1,1,1,1,1,0,0,,2,0,0,0,0,0,0,,2,2,,2,0,0,0,0,0,0,,2,0,0,0,0,0,0,,4,2,2,0,0,0,0,0,0,0,0,0,0,0,0,,2,0,0,0,0,1,0,,,2,0,0,0,0,0,,0,0,0,0,0,0,0,,2,0,0,0,0,0,,0,0,0,0,0,0,0,,1,0,,0,2,,90,90,90,90,90,0,233,0,,,,,,,,,2
1420-7,18,7,,1,1,1,1,1,1,1,1,1,0,0,,3,1,0,0,0,1,0,,3,2,,2,0,0,0,0,0,0,,2,0,0,0,0,0,0,,3,2,2,0,0,0,0,0,0,0,0,0,0,0,0,,2,0,0,0,0,1,0,,,2,0,0,0,0,0,,0,0,0,0,0,0,0,,2,0,0,0,0,0,,0,0,0,0,0,0,0,,1,1,1,1,3,1,90,90,90,90,90,0,222,0,,,,,,,,,2
1420-8,18,8,,1,1,1,1,1,1,1,1,1,0,0,,3,1,0,0,0,1,0,,3,2,,2,0,0,0,0,0,0,,2,0,0,0,0,0,0,,3,2,2,0,0,0,0,0,0,0,0,0,0,0,0,,2,0,0,0,0,1,0,,,2,0,0,0,0,0,,0,0,0,0,0,0,0,,2,0,0,0,0,0,,0,0,0,0,0,0,0,,1,1,1,1,3,1,20,20,20,70,90,0,234,0,,,,,,,,,2
1420-9,18,9,,1,1,1,1,1,1,1,1,1,0,0,,3,1,0,0,0,1,0,,3,3,3,3,1,1,1,1,1,0,,3,1,1,0,1,1,0,,3,3,3,1,1,0,0,0,0,0,0,0,0,0,0,,2,0,0,0,0,1,0,,,3,1,0,0,1,0,,1,0,1,1,1,0,0,,3,0,0,1,1,0,,1,0,1,1,1,0,0,,1,2,,1,3,1,50,20,20,80,0,0,227,0,,,,,,,,,2
1420-10,18,10,,1,1,1,1,1,1,1,1,1,1,0,,3,1,0,0,0,1,0,,3,3,3,3,1,1,1,1,1,0,,3,1,1,0,1,1,0,,3,3,3,1,0,0,0,0,0,0,0,0,0,0,0,,1,0,0,0,1,0,0,,,3,1,0,0,1,0,,1,1,1,1,1,0,0,,3,0,0,1,1,0,,1,1,1,1,1,0,0,,1,2,,2,3,1,80,70,70,0,0,0,221,1,3,4,3,0,,,0,,2
1420-11,18,11,,1,1,1,1,1,1,1,1,1,1,0,,3,1,0,0,0,1,0,,3,3,3,3,1,1,1,1,1,0,,3,1,1,0,1,1,0,,3,3,3,1,1,1,0,0,0,0,0,0,0,0,0,,1,0,0,0,1,0,0,,,3,1,0,0,1,0,,1,1,1,1,1,0,0,,3,0,0,1,1,0,,1,1,1,1,1,0,0,,1,2,,2,3,1,0,0,0,0,0,0,184,1,3,3,2,0,0,0,9,,2
1420-12,18,12,,1,1,1,1,1,1,1,1,1,1,0,,3,1,0,0,0,1,0,,3,3,3,3,1,1,1,1,1,0,,3,1,1,0,1,1,0,,3,3,3,1,1,1,0,0,0,0,0,0,0,0,0,,1,0,0,0,1,0,0,,,3,1,0,0,1,0,,1,1,1,1,1,0,0,,3,0,0,1,1,0,,1,1,1,1,1,0,0,,1,2,,2,3,1,0,0,0,0,0,0,195,1,3,9,0,1,0,0,9,,2
1420-13,18,13,,1,1,1,1,1,1,1,1,1,1,0,,3,1,0,0,0,1,0,,3,3,3,3,1,1,1,1,1,0,,3,1,1,0,1,1,0,,3,3,3,1,1,1,0,0,0,1,0,0,0,0,1,Health Alliance,1,0,0,1,0,0,0,,1,3,1,0,0,1,0,,1,1,1,1,1,1,0,,3,0,0,1,1,0,,1,1,1,1,1,1,0,,2,1,2,2,3,1,0,0,0,0,0,0,206,1,3,7,1,6,0,0,6,,2
1420-14,18,14,,1,1,1,1,1,1,1,1,1,1,0,,3,1,0,0,0,1,0,,3,3,3,3,1,1,1,1,1,0,,3,1,1,0,1,1,0,,3,3,3,1,1,1,0,0,0,1,0,0,0,0,1,Health Alliance,1,0,0,1,0,0,1,,1,3,1,0,0,1,0,,1,1,1,1,1,1,0,,3,0,0,1,1,0,,1,1,1,1,1,1,0,,2,1,2,2,3,1,0,0,0,0,0,0,240,1,3,5,2,4,0,0,5,,2
1420-15,18,15,2,1,1,1,1,1,1,1,1,1,1,0,,,1,0,0,0,1,0,,3,,,,0,0,0,0,0,0,,3,1,1,0,1,1,0,,3,,3,1,1,1,0,0,0,1,0,0,0,0,1,Health Alliance,1,0,0,1,0,0,1,,1,3,1,0,0,1,0,,1,1,0,1,1,1,0,,3,0,0,1,1,0,,1,1,1,1,1,1,0,,2,1,2,2,3,1,0,0,0,0,0,0,214,1,3,11,1,8,0,0,7,2,2
1420-16,18,16,2,0,0,0,0,0,0,0,0,0,0,0,,,0,0,0,0,0,0,,,,,,0,0,0,0,0,0,,,0,0,0,0,0,0,,,,,0,0,0,0,0,0,0,0,0,0,0,0,,1,1,1,0,0,0,0,2,,,0,0,0,0,0,,0,0,0,0,0,0,0,,,0,0,0,0,0,,0,0,0,0,0,0,0,,,,,,,,,,,,,,237,1,3,6,2,6,0,2,8,1,2
1420-17,18,17,2,0,0,0,0,0,0,0,0,0,0,0,,,0,0,0,0,0,0,,,,,,0,0,0,0,0,0,,,0,0,0,0,0,0,,,,,0,0,0,0,0,0,0,0,0,0,0,0,,1,1,1,0,0,0,0,2,,,0,0,0,0,0,,0,0,0,0,0,0,0,,,0,0,0,0,0,,0,0,0,0,0,0,0,,,,,,,,,,,,,,267,1,3,9,1,6,0,0,9,1,2
1420-18,18,18,2,0,0,0,0,0,0,0,0,0,0,0,,,0,0,0,0,0,0,,,,,,0,0,0,0,0,0,,,0,0,0,0,0,0,,,,,0,0,0,0,0,0,0,0,0,0,0,0,,1,1,1,0,0,0,0,2,,,0,0,0,0,0,,0,0,0,0,0,0,0,,,0,0,0,0,0,,0,0,0,0,0,0,0,,,,,,,,,,,,,,261,1,3,15,3,7,0,2,9,1,2
1422-1,91,5,,0,0,1,1,1,0,1,0,0,0,1,"Dept director, clinical coordinator",2,0,0,0,0,0,0,,2,2,,2,0,0,0,0,0,0,,2,0,0,0,0,0,0,,3,2,2,0,0,0,0,0,0,0,0,0,0,0,0,,2,0,0,0,0,1,0,,,2,0,0,0,0,0,,0,0,0,0,0,0,0,,2,0,0,0,0,0,,0,0,0,0,0,0,0,,4,0,,0,1,,0,0,0,0,0,0,26,0,,,,,,,,,2
1422-2,91,1,,0,0,0,0,0,0,0,0,0,0,1,Our hospital did not join until June,1,0,0,0,0,0,0,,1,1,,1,0,0,0,0,0,0,,1,0,0,0,0,0,0,,3,1,1,0,0,0,0,0,0,0,0,0,0,0,0,,2,0,0,0,0,1,0,,,1,0,0,0,0,0,,0,0,0,0,0,0,0,,1,0,0,0,0,0,,0,0,0,0,0,0,0,,4,0,,0,1,,0,0,0,0,0,0,34,0,,,,,,,,,2
1422-3,91,2,,0,0,0,0,0,0,0,0,0,0,1,Hospital did not join initiative yet,1,0,0,0,0,0,0,,1,1,,1,0,0,0,0,0,0,,1,0,0,0,0,0,0,,3,1,1,0,0,0,0,0,0,0,0,0,0,0,0,,2,0,0,0,0,1,0,,,1,0,0,0,0,0,,0,0,0,0,0,0,0,,1,0,0,0,0,0,,0,0,0,0,0,0,0,,4,0,,0,1,,0,0,0,0,0,0,36,0,,,,,,,,,2
1422-4,91,3,,0,0,1,1,1,0,1,0,0,0,1,"Dept director, clinical coordinator, materials management",2,0,0,0,0,0,0,,2,2,,1,0,0,0,0,0,0,,1,0,0,0,0,0,0,,3,2,2,0,0,0,0,0,0,0,0,0,0,0,0,,2,0,0,0,0,1,0,,,1,0,0,0,0,0,,0,0,0,0,0,0,0,,1,0,0,0,0,0,,0,0,0,0,0,0,0,,4,0,,0,1,,0,0,0,0,0,0,39,0,,,,,,,,,2
1422-5,91,4,,0,0,1,1,1,0,1,0,0,0,1,"Dept director, clinical coordinator",2,0,0,0,0,0,0,,2,2,,2,0,0,0,0,0,0,,2,0,0,0,0,0,0,,3,2,2,0,0,0,0,0,0,0,0,0,0,0,0,,2,0,0,0,0,1,0,,,1,0,0,0,0,0,,0,0,0,0,0,0,0,,1,0,0,0,0,0,,0,0,0,0,0,0,0,,4,0,,0,1,,0,0,0,0,0,0,26,0,,,,,,,,,2
1422-6,91,6,,0,0,1,1,1,0,1,0,0,0,1,"Dept director, clinical coordinator",2,0,0,0,0,0,0,,2,2,,2,0,0,0,0,0,0,,2,0,0,0,0,0,0,,3,2,2,0,0,0,0,0,0,0,0,0,0,0,0,,2,0,0,0,0,1,0,,,2,0,0,0,0,0,,0,0,0,0,0,0,0,,2,0,0,0,0,0,,0,0,0,0,0,0,0,,4,0,,1,2,,0,0,0,0,0,0,37,0,,,,,,,,,2
1422-7,91,7,,0,0,1,1,1,0,1,1,0,0,0,,2,0,0,0,0,0,0,,2,2,,2,0,0,0,0,0,0,,2,0,0,0,0,0,0,,3,2,2,0,0,0,0,0,0,0,0,0,0,0,0,,2,0,0,0,0,1,0,,,2,0,0,0,0,0,,0,0,0,0,0,0,0,,2,0,0,0,0,0,,0,0,0,0,0,0,0,,4,0,,1,2,,90,30,0,90,0,0,28,0,,,,,,,,,2
1422-8,91,8,,0,0,1,1,1,0,1,1,1,0,0,,3,1,0,0,0,1,0,,3,2,,3,1,1,1,0,0,0,,3,1,1,1,0,0,0,,3,2,2,0,0,0,0,0,0,0,0,0,0,0,0,,2,0,0,0,0,1,0,,,2,0,0,0,0,0,,0,0,0,0,0,0,0,,2,0,0,0,0,0,,0,0,0,0,0,0,0,,4,0,,1,3,0,50,50,0,50,50,0,31,0,,,,,,,,,2
1422-9,91,9,,0,0,1,1,1,0,1,1,1,0,0,,3,1,0,0,0,1,0,,3,3,3,3,1,1,1,1,0,0,,3,1,1,1,1,0,0,,3,3,3,1,1,0,0,0,0,0,0,0,0,0,0,,0,0,0,0,1,0,0,,,3,0,0,1,1,0,,1,1,1,1,0,1,0,,3,0,0,1,1,0,,1,1,1,1,0,1,0,,4,0,,2,3,1,0,0,0,0,0,0,42,1,3,0,1,6,1,1,9,,2
1422-10,91,10,,0,0,1,1,1,0,1,1,1,0,0,,3,1,0,0,0,1,0,,3,3,3,3,1,1,1,1,0,0,,3,1,1,1,1,0,0,,3,3,3,1,1,0,0,0,0,0,0,0,0,0,0,,0,0,0,0,1,0,0,,,3,0,0,1,1,0,,1,1,1,1,0,1,0,,3,0,0,1,1,0,,1,1,1,1,0,1,0,,4,1,2,2,3,1,0,0,0,0,0,0,24,1,3,1,8,4,0,0,7,,2
1422-11,91,11,,0,0,1,1,1,0,1,1,1,0,0,,3,1,0,0,0,1,0,,3,3,3,3,1,1,1,1,0,0,,3,1,1,1,1,0,0,,3,3,3,1,1,0,0,0,0,0,0,0,0,0,0,,0,0,0,0,1,0,0,,,3,0,0,1,1,0,,1,1,1,0,0,1,0,,3,0,0,1,1,0,,1,1,1,1,0,1,0,,4,1,2,2,3,1,0,0,0,0,0,0,31,1,3,0,4,6,0,1,9,,2
1422-12,91,12,,0,0,1,1,1,0,1,1,1,0,0,,3,1,0,0,0,1,0,,3,3,3,3,1,1,1,1,0,0,,3,1,1,1,1,0,0,,3,3,3,1,1,0,0,0,0,0,0,0,0,0,0,,1,0,1,0,0,0,0,1,,3,0,0,1,1,0,,1,1,1,1,1,1,0,,3,0,0,1,1,0,,1,1,1,1,1,1,0,,4,1,4,2,3,1,0,0,0,0,0,0,34,1,3,2,4,7,0,1,10,,2
1422-13,91,13,,0,0,1,1,1,0,1,1,1,0,0,,3,1,0,0,0,1,0,,3,3,3,3,1,1,1,1,0,0,,3,1,1,1,1,0,0,,3,3,3,1,0,0,0,0,0,0,0,0,0,0,0,,1,1,1,0,0,0,0,1,,3,0,0,1,1,0,,1,1,1,1,1,1,0,,3,0,0,1,1,0,,1,1,1,1,1,1,0,,4,2,,2,3,1,0,0,0,0,0,0,27,1,3,2,6,7,1,0,10,,2
1422-14,91,14,,0,0,1,1,1,0,1,1,1,0,0,,3,1,0,0,0,1,0,,3,3,3,3,1,1,1,1,1,0,,3,1,1,1,1,1,0,,3,3,3,1,1,0,0,0,0,0,0,0,0,0,0,,1,0,1,0,0,0,0,1,,3,0,0,1,1,0,,1,1,1,1,1,1,0,,3,0,0,1,1,0,,1,1,1,1,1,1,0,,4,2,,2,3,1,0,0,0,0,0,0,25,1,3,0,3,6,1,0,10,,2
1422-15,91,15,1,0,0,1,1,1,0,1,1,1,0,0,,3,1,0,0,0,1,0,,3,3,3,3,1,1,1,1,1,0,,3,1,1,1,1,1,0,,3,3,3,0,1,0,0,0,0,0,0,0,0,0,0,,1,0,1,0,0,0,0,1,,3,0,0,1,1,0,,1,1,1,1,1,1,0,,3,0,0,1,1,0,,1,1,1,1,1,1,0,,4,2,,2,3,1,0,0,0,0,0,0,43,1,3,3,5,8,1,0,9,,2
1422-16,91,16,1,0,0,1,1,1,0,1,1,1,0,0,,3,1,0,0,0,1,0,,3,3,3,3,1,1,1,1,1,0,,3,1,1,1,1,1,0,,3,3,3,0,1,0,0,0,0,0,0,0,0,0,0,,1,0,1,0,0,0,0,1,,3,0,0,1,1,0,,1,1,1,1,1,1,0,,3,0,0,1,1,0,,1,1,1,1,1,1,0,,4,2,,2,3,1,0,0,0,0,0,0,31,1,3,4,6,8,2,0,9,,2
1422-17,91,17,1,0,0,1,1,1,0,1,1,1,0,0,,3,1,0,0,0,1,0,,3,3,3,3,1,1,1,1,1,0,,3,1,1,1,1,1,0,,3,3,3,0,1,0,0,0,0,0,0,0,0,0,0,,1,0,1,0,0,0,0,1,,3,0,0,1,1,0,,1,1,1,1,1,1,0,,3,0,0,1,1,0,,1,1,1,1,1,1,0,,4,2,,2,3,1,0,0,0,0,0,0,33,1,3,2,10,8,1,0,9,,2
1422-18,91,18,2,0,0,0,0,0,0,0,0,0,0,0,,,0,0,0,0,0,0,,,,,,0,0,0,0,0,0,,,0,0,0,0,0,0,,,,,0,0,0,0,0,0,0,0,0,0,0,0,,1,0,1,0,0,0,0,1,,,0,0,0,0,0,,0,0,0,0,0,0,0,,,0,0,0,0,0,,0,0,0,0,0,0,0,,,,,,,,,,,,,,39,1,3,3,4,8,0,0,8,1,2
1422-19,91,19,2,0,0,0,0,0,0,0,0,0,0,0,,,0,0,0,0,0,0,,,,,,0,0,0,0,0,0,,,0,0,0,0,0,0,,,,,0,0,0,0,0,0,0,0,0,0,0,0,,1,0,1,0,0,0,0,1,,,0,0,0,0,0,,0,0,0,0,0,0,0,,,0,0,0,0,0,,0,0,0,0,0,0,0,,,,,,,,,,,,,,36,1,3,1,4,7,2,1,10,1,2
1433-1,87,5,,1,0,1,1,1,1,1,1,1,1,0,,3,1,0,0,0,0,0,,2,2,,2,0,0,0,0,0,0,,2,0,0,0,0,0,0,,1,3,3,1,0,0,0,0,0,0,0,0,0,0,0,,2,0,0,0,0,1,0,,,3,0,0,0,1,1,Physician templated note,1,1,0,0,1,1,0,,3,0,1,0,0,0,,1,1,0,0,1,1,0,,3,1,2,0,2,,0,0,70,90,50,90,132,0,,,,,,,,,2
1433-2,87,1,,1,0,0,1,1,1,1,1,1,0,0,,2,0,0,0,0,0,0,,2,2,,1,0,0,0,0,0,0,,1,0,0,0,0,0,0,,1,2,2,0,0,0,0,0,0,0,0,0,0,0,0,,0,0,0,0,0,1,0,,,1,0,0,0,0,0,,0,0,0,0,0,0,0,,1,0,0,0,0,0,,0,0,0,0,0,0,0,,3,0,,0,2,,20,90,40,0,50,0,116,0,,,,,,,,,2
1433-3,87,2,,1,0,1,1,1,1,1,1,1,1,0,,2,0,0,0,0,0,0,,2,2,,1,0,0,0,0,0,0,,1,0,0,0,0,0,0,,1,2,2,0,0,0,0,0,0,0,0,0,0,0,0,,0,0,0,0,0,1,0,,,2,0,0,0,0,0,,0,0,0,0,0,0,0,,2,0,0,0,0,0,,0,0,0,0,0,0,0,,3,0,,0,3,0,50,90,40,0,50,0,146,0,,,,,,,,,2
1433-4,87,3,,1,0,1,1,1,1,1,1,1,1,0,,3,1,0,0,0,0,0,,2,2,,1,0,0,0,0,0,0,,1,0,0,0,0,0,0,,1,2,2,0,0,0,0,0,0,0,0,0,0,0,0,,2,0,0,0,0,1,0,,,2,0,0,0,0,0,,0,0,0,0,0,0,0,,2,0,0,0,0,0,,0,0,0,0,0,0,0,,3,0,,0,2,,60,90,40,0,50,0,132,0,,,,,,,,,2
1433-5,87,4,,1,0,1,1,1,1,1,1,1,1,0,,3,1,0,0,0,0,0,,2,2,,2,0,0,0,0,0,0,,2,0,0,0,0,0,0,,1,2,2,0,0,0,0,0,0,0,0,0,0,0,0,,2,0,0,0,0,1,0,,,2,0,0,0,0,0,,0,0,0,0,0,0,0,,2,0,0,0,0,0,,0,0,0,0,0,0,0,,3,1,2,1,3,0,60,90,40,90,50,0,127,0,,,,,,,,,2
1433-6,87,6,,1,0,1,1,1,1,1,1,1,1,0,,3,1,0,0,0,1,0,,3,2,,2,0,0,0,0,0,0,,2,0,0,0,0,0,0,,1,3,3,0,1,0,0,0,0,0,0,0,0,0,0,,1,0,0,0,1,0,0,,,3,1,0,0,1,0,,1,1,0,0,1,1,0,,3,1,0,0,1,0,,1,1,0,0,1,1,0,,3,1,2,1,3,0,80,20,60,20,80,50,124,0,,,,,,,,,2
1433-7,87,7,,0,0,0,1,1,1,1,1,1,1,0,,3,1,0,0,0,0,0,,2,3,1,2,0,0,0,0,0,0,,2,0,0,0,0,0,0,,1,3,3,1,0,0,0,0,0,0,0,0,0,0,0,,1,0,0,0,1,0,0,,,3,0,0,0,1,0,,1,1,0,0,1,1,0,,3,0,0,0,1,0,,1,1,0,0,1,1,0,,3,1,2,1,2,,50,30,30,60,60,0,143,0,,,,,,,,,2
1433-8,87,8,,1,0,0,1,1,1,1,1,1,1,0,,3,1,0,0,0,0,0,,3,3,1,2,0,0,0,0,0,0,,2,0,0,0,0,0,0,,1,3,2,1,1,1,0,0,0,0,0,0,0,0,0,,1,0,0,0,1,0,0,,,3,0,0,0,1,0,,1,1,0,0,1,0,0,,2,0,0,0,0,0,,0,0,0,0,0,0,0,,3,1,2,1,3,1,80,80,40,60,0,0,108,0,,,,,,,,,2
1433-9,87,9,,1,0,0,1,1,1,1,1,1,1,0,,3,1,0,0,0,0,0,,2,3,1,2,0,0,0,0,0,0,,2,0,0,0,0,0,0,,1,3,2,1,1,1,0,0,0,0,0,0,0,0,0,,1,0,0,0,1,0,0,,,3,0,0,0,1,0,,1,1,0,0,1,0,0,,3,0,0,0,1,0,,1,1,0,0,1,1,0,,3,2,,1,3,1,80,0,70,80,0,0,111,0,,,,,,,,,2
1433-11,87,10,1,1,0,0,1,1,1,1,1,1,1,0,,3,1,0,0,0,1,0,,3,3,3,3,1,1,1,0,1,0,,3,1,1,1,0,1,0,,1,3,3,1,1,1,0,0,0,0,0,0,0,0,0,,1,0,0,0,0,0,1,,,3,1,0,1,1,0,,1,1,1,0,1,1,0,,3,0,0,1,1,0,,1,1,1,0,1,1,0,,5,1,4,1,3,0,0,0,80,0,0,0,119,1,3,0,0,10,0,0,7,,2
1433-12,87,11,,1,0,0,1,1,1,1,1,1,1,0,,3,1,0,0,0,1,0,,3,3,1,3,1,1,1,0,1,0,,3,1,1,1,0,1,0,,1,3,3,1,1,1,0,0,0,0,0,0,0,0,0,,1,0,0,0,1,0,0,,,3,0,0,1,1,0,,1,1,0,0,1,1,0,,3,0,0,1,1,0,,1,1,0,0,1,1,0,,3,2,,2,3,1,0,0,70,70,0,0,132,0,,,,,,,,,2
1433-13,87,12,1,1,0,0,1,1,1,1,1,1,1,0,,3,1,0,0,0,1,0,,2,3,1,3,1,1,1,0,1,0,,3,1,1,1,0,1,0,,1,3,3,1,1,1,0,0,0,0,0,0,0,0,0,,1,0,0,0,0,0,1,,,3,1,0,1,1,0,,1,1,1,0,1,1,0,,3,0,0,1,1,0,,1,1,1,0,1,1,0,,5,2,,2,3,1,0,0,80,0,0,0,123,1,3,1,0,10,0,0,5,,2
1433-14,87,13,2,0,0,0,0,0,0,0,0,0,0,0,,,0,0,0,0,0,0,,,,,,0,0,0,0,0,0,,,0,0,0,0,0,0,,,,,0,0,0,0,0,0,1,0,0,0,0,0,,1,1,1,1,0,0,0,2,2,,0,0,0,0,0,,0,0,0,0,0,0,0,,,0,0,0,0,0,,0,0,0,0,0,0,0,,,,,,,,,,,,,,124,1,3,0,0,9,1,0,7,2,2
1433-15,87,14,2,0,0,0,0,0,0,0,0,0,0,0,,,0,0,0,0,0,0,,,,,,0,0,0,0,0,0,,,0,0,0,0,0,0,,,,,0,0,0,0,0,0,1,0,0,0,1,0,,1,1,1,1,0,0,0,1,1,,0,0,0,0,0,,0,0,0,0,0,0,0,,,0,0,0,0,0,,0,0,0,0,0,0,0,,,,,,,,,,,,,,125,1,3,0,0,10,0,0,6,2,2
1433-16,87,14,2,0,0,0,0,0,0,0,0,0,0,0,,,0,0,0,0,0,0,,,,,,0,0,0,0,0,0,,,0,0,0,0,0,0,,,,,0,0,0,0,0,0,1,0,0,1,1,0,,1,1,1,1,0,0,0,1,1,,0,0,0,0,0,,0,0,0,0,0,0,0,,,0,0,0,0,0,,0,0,0,0,0,0,0,,,,,,,,,,,,,,125,1,3,1,2,10,0,0,7,2,2
1433-17,87,15,2,0,0,0,0,0,0,0,0,0,0,0,,,0,0,0,0,0,0,,,,,,0,0,0,0,0,0,,,0,0,0,0,0,0,,,,,0,0,0,0,0,0,1,0,0,0,1,0,,1,1,1,1,0,0,0,1,1,,0,0,0,0,0,,0,0,0,0,0,0,0,,,0,0,0,0,0,,0,0,0,0,0,0,0,,,,,,,,,,,,,,124,1,3,3,2,10,0,0,10,2,2
1433-18,87,16,2,0,0,0,0,0,0,0,0,0,0,0,,,0,0,0,0,0,0,,,,,,0,0,0,0,0,0,,,0,0,0,0,0,0,,,,,0,0,0,0,0,0,1,0,0,0,1,0,,1,1,1,1,0,0,0,2,2,,0,0,0,0,0,,0,0,0,0,0,0,0,,,0,0,0,0,0,,0,0,0,0,0,0,0,,,,,,,,,,,,,,135,1,3,0,1,10,0,0,10,2,2
1433-19,87,17,2,0,0,0,0,0,0,0,0,0,0,0,,,0,0,0,0,0,0,,,,,,0,0,0,0,0,0,,,0,0,0,0,0,0,,,,,0,0,0,0,0,0,0,0,0,0,0,1,not identified by billing this month,1,1,1,1,0,0,0,2,2,,0,0,0,0,0,,0,0,0,0,0,0,0,,,0,0,0,0,0,,0,0,0,0,0,0,0,,,,,,,,,,,,,,114,1,3,1,3,10,0,0,10,2,2
1433-20,87,18,2,0,0,0,0,0,0,0,0,0,0,0,,,0,0,0,0,0,0,,,,,,0,0,0,0,0,0,,,0,0,0,0,0,0,,,,,0,0,0,0,0,0,1,0,0,1,1,0,,1,1,0,1,0,0,0,,1,,0,0,0,0,0,,0,0,0,0,0,0,0,,,0,0,0,0,0,,0,0,0,0,0,0,0,,,,,,,,,,,,,,115,1,3,2,4,10,0,0,10,1,2
1452-1,55,1,,0,0,1,0,1,1,1,0,0,0,0,,1,0,0,0,0,0,0,,3,3,2,1,0,0,0,0,0,0,,1,0,0,0,0,0,0,,1,1,1,0,0,0,0,0,0,0,0,0,0,0,0,,0,0,0,0,1,0,0,,,2,0,0,0,0,0,,0,0,0,0,0,0,0,,2,0,0,0,0,0,,0,0,0,0,0,0,0,,0,0,,0,2,,90,0,0,90,90,0,133,0,,,,,,,,,2
1452-2,55,2,,0,0,1,0,1,1,1,0,0,0,0,,1,0,0,0,0,0,0,,3,3,2,1,0,0,0,0,0,0,,1,0,0,0,0,0,0,,1,1,1,0,0,0,0,0,0,0,0,0,0,0,0,,0,0,0,0,1,0,0,,,2,0,0,0,0,0,,0,0,0,0,0,0,0,,2,0,0,0,0,0,,0,0,0,0,0,0,0,,0,0,,0,2,,90,0,0,90,90,0,162,0,,,,,,,,,2
1452-3,55,3,,1,0,1,0,1,1,1,0,0,0,0,,1,0,0,0,0,0,0,,3,3,2,1,0,0,0,0,0,0,,1,0,0,0,0,0,0,,1,1,1,0,0,0,0,0,0,0,0,0,0,0,0,,0,0,0,0,1,0,0,,,2,0,0,0,0,0,,0,0,0,0,0,0,0,,2,0,0,0,0,0,,0,0,0,0,0,0,0,,0,0,,0,2,,90,0,0,90,90,0,153,0,,,,,,,,,2
1452-4,55,4,,0,0,1,0,1,1,1,0,0,0,0,,1,0,0,0,0,0,0,,3,3,2,1,0,0,0,0,0,0,,1,0,0,0,0,0,0,,1,1,1,0,0,0,0,0,0,0,0,0,0,0,0,,0,0,0,0,1,0,0,,,2,0,0,0,0,0,,0,0,0,0,0,0,0,,2,0,0,0,0,0,,0,0,0,0,0,0,0,,0,0,,0,2,,90,0,0,90,90,0,177,0,,,,,,,,,2
1452-5,55,5,,0,0,1,0,1,1,1,0,0,0,0,,1,0,0,0,0,0,0,,3,3,2,1,0,0,0,0,0,0,,1,0,0,0,0,0,0,,1,1,1,0,0,0,0,0,0,0,0,0,0,0,0,,0,0,0,0,1,0,0,,,2,0,0,0,0,0,,0,0,0,0,0,0,0,,2,0,0,0,0,0,,0,0,0,0,0,0,0,,0,0,,0,2,,90,0,0,90,90,0,186,0,,,,,,,,,2
1452-6,55,6,,0,0,1,1,1,1,1,0,0,1,0,,3,1,0,0,0,0,0,,3,3,1,2,0,0,0,0,0,0,,2,0,0,0,0,0,0,,1,2,2,0,0,0,0,0,0,0,0,0,0,0,0,,0,0,0,0,1,0,0,,,2,0,0,0,0,0,,0,0,0,0,0,0,0,,2,0,0,0,0,0,,0,0,0,0,0,0,0,,0,0,,0,2,,90,0,0,90,90,0,151,0,,,,,,,,,2
1452-7,55,7,,0,0,1,1,1,1,1,1,0,1,0,,3,1,0,0,0,1,0,,3,3,1,2,0,0,0,0,0,0,,2,0,0,0,0,0,0,,1,2,2,0,0,0,0,0,0,0,0,0,0,0,0,,0,0,0,0,1,0,0,,,2,0,0,0,0,0,,0,0,0,0,0,0,0,,2,0,0,0,0,0,,0,0,0,0,0,0,0,,0,0,,1,2,,90,0,0,90,90,0,168,0,,,,,,,,,2
1452-9,55,8,,0,0,1,1,1,1,1,1,0,1,0,,3,1,0,0,0,1,0,,3,2,,2,0,0,0,0,0,0,,2,0,0,0,0,0,0,,1,2,2,0,0,0,0,0,0,0,0,0,0,0,0,,0,0,0,0,1,0,0,,,2,0,0,0,0,0,,0,0,0,0,0,0,0,,2,0,0,0,0,0,,0,0,0,0,0,0,0,,0,0,,0,2,,90,0,0,90,90,0,146,0,,,,,,,,,2
1452-10,55,9,,0,0,1,1,1,1,1,1,0,1,0,,3,1,0,0,0,1,0,,3,2,,2,0,0,0,0,0,0,,2,0,0,0,0,0,0,,1,2,2,0,0,0,0,0,0,0,0,0,0,0,0,,0,0,0,0,1,0,0,,,2,0,0,0,0,0,,0,0,0,0,0,0,0,,2,0,0,0,0,0,,0,0,0,0,0,0,0,,0,0,,0,2,,90,0,0,90,90,0,173,0,,,,,,,,,2
1452-11,55,10,,0,0,1,1,1,1,1,1,0,1,0,,3,1,0,0,0,1,0,,3,3,3,2,0,0,0,0,0,0,,2,0,0,0,0,0,0,,1,2,2,0,0,0,0,0,0,0,0,0,0,0,0,,0,0,0,0,1,0,0,,,2,0,0,0,0,0,,0,0,0,0,0,0,0,,2,0,0,0,0,0,,0,0,0,0,0,0,0,,0,0,,0,2,,90,0,0,0,0,0,135,0,,,,,,,,,2
1452-12,55,11,,0,0,1,1,1,1,1,1,0,1,0,,3,1,0,0,0,1,0,,3,3,3,2,0,0,0,0,0,0,,2,0,0,0,0,0,0,,1,2,2,0,0,0,0,0,0,0,0,0,0,0,0,,0,0,0,0,1,0,0,,,2,0,0,0,0,0,,0,0,0,0,0,0,0,,2,0,0,0,0,0,,0,0,0,0,0,0,0,,0,0,,1,3,1,20,90,0,50,0,0,135,0,,,,,,,,,2
1452-13,55,12,,0,0,1,1,1,1,1,1,0,1,0,,3,1,0,0,0,1,0,,3,3,3,3,1,1,1,1,1,0,,3,1,1,1,1,1,0,,1,3,3,1,0,1,0,0,0,0,0,0,0,0,0,,1,0,0,0,1,0,0,,,3,1,1,0,0,0,,1,1,1,1,1,1,0,,3,1,1,0,0,0,,1,1,1,1,1,1,0,,0,2,,2,3,1,0,90,0,0,0,0,170,1,3,1,5,0,0,0,4,,2
1452-14,55,13,2,0,0,0,0,0,0,0,0,0,0,0,,,0,0,0,0,0,0,,,,,,0,0,0,0,0,0,,,0,0,0,0,0,0,,,,,0,0,0,0,0,0,0,0,0,0,0,0,,1,0,0,0,0,0,1,,,,0,0,0,0,0,,0,0,0,0,0,0,0,,,0,0,0,0,0,,0,0,0,0,0,0,0,,,,,,,,,,,,,,161,1,3,3,7,2,0,0,2,2,2
1452-15,55,14,2,0,0,0,0,0,0,0,0,0,0,0,,,0,0,0,0,0,0,,,,,,0,0,0,0,0,0,,,0,0,0,0,0,0,,,,,0,0,0,0,0,0,0,0,0,0,0,0,,1,1,1,0,0,0,0,2,,,0,0,0,0,0,,0,0,0,0,0,0,0,,,0,0,0,0,0,,0,0,0,0,0,0,0,,,,,,,,,,,,,,161,1,3,0,8,3,0,0,4,2,2
1452-16,55,15,2,0,0,0,0,0,0,0,0,0,0,0,,,0,0,0,0,0,0,,,,,,0,0,0,0,0,0,,,0,0,0,0,0,0,,,,,0,0,0,0,0,0,0,0,0,0,0,0,,1,1,1,0,0,0,0,2,,,0,0,0,0,0,,0,0,0,0,0,0,0,,,0,0,0,0,0,,0,0,0,0,0,0,0,,,,,,,,,,,,,,199,1,3,1,14,0,0,0,1,2,2
1452-17,55,16,2,0,0,0,0,0,0,0,0,0,0,0,,,0,0,0,0,0,0,,,,,,0,0,0,0,0,0,,,0,0,0,0,0,0,,,,,0,0,0,0,0,0,0,0,0,0,0,0,,1,1,1,0,0,0,0,2,,,0,0,0,0,0,,0,0,0,0,0,0,0,,,0,0,0,0,0,,0,0,0,0,0,0,0,,,,,,,,,,,,,,201,1,3,4,7,1,1,1,3,2,2
1452-18,55,17,2,0,0,0,0,0,0,0,0,0,0,0,,,0,0,0,0,0,0,,,,,,0,0,0,0,0,0,,,0,0,0,0,0,0,,,,,0,0,0,0,0,0,0,0,0,0,0,0,,1,1,1,0,0,0,0,2,,,0,0,0,0,0,,0,0,0,0,0,0,0,,,0,0,0,0,0,,0,0,0,0,0,0,0,,,,,,,,,,,,,,207,1,3,2,8,4,0,0,7,2,2
1452-19,55,18,2,0,0,0,0,0,0,0,0,0,0,0,,,0,0,0,0,0,0,,,,,,0,0,0,0,0,0,,,0,0,0,0,0,0,,,,,0,0,0,0,0,0,0,0,0,0,0,0,,1,1,1,0,0,0,0,2,,,0,0,0,0,0,,0,0,0,0,0,0,0,,,0,0,0,0,0,,0,0,0,0,0,0,0,,,,,,,,,,,,,,207,1,3,3,7,8,0,0,3,1,2
1452-20,55,19,2,0,0,0,0,0,0,0,0,0,0,0,,,0,0,0,0,0,0,,,,,,0,0,0,0,0,0,,,0,0,0,0,0,0,,,,,0,0,0,0,0,0,0,0,0,0,0,0,,1,1,1,0,0,0,0,2,,,0,0,0,0,0,,0,0,0,0,0,0,0,,,0,0,0,0,0,,0,0,0,0,0,0,0,,,,,,,,,,,,,,210,1,3,4,6,8,0,0,4,1,2
1452-21,55,8,2,0,0,0,0,0,0,0,0,0,0,0,,,0,0,0,0,0,0,,,,,,0,0,0,0,0,0,,,0,0,0,0,0,0,,,,,0,0,0,0,0,0,0,0,0,0,0,0,,1,1,1,0,0,0,0,2,,,0,0,0,0,0,,0,0,0,0,0,0,0,,,0,0,0,0,0,,0,0,0,0,0,0,0,,,,,,,,,,,,,,197,1,3,3,11,2,0,0,3,1,2
1485-1,42,1,,0,0,0,0,1,1,1,0,0,0,0,,1,0,0,0,0,0,0,,1,1,,1,0,0,0,0,0,0,,1,0,0,0,0,0,0,,4,1,1,0,0,0,0,0,0,0,0,0,0,0,0,,2,0,0,0,0,1,0,,,1,0,0,0,0,0,,0,0,0,0,0,0,0,,1,0,0,0,0,0,,0,0,0,0,0,0,0,,22,0,,0,1,,90,90,0,0,0,0,358,0,,,,,,,,,2
1485-2,42,2,,0,0,0,0,1,1,1,0,1,0,0,,1,0,0,0,0,0,0,,1,1,,1,0,0,0,0,0,0,,1,0,0,0,0,0,0,,4,1,1,0,0,0,0,0,0,0,0,0,0,0,0,,2,0,0,0,0,1,0,,,1,0,0,0,0,0,,0,0,0,0,0,0,0,,1,0,0,0,0,0,,0,0,0,0,0,0,0,,22,0,,0,1,,90,90,0,0,0,0,362,0,,,,,,,,,2
1485-3,42,3,,0,0,0,0,1,1,1,0,0,0,0,,1,0,0,0,0,0,0,,1,1,,1,0,0,0,0,0,0,,1,0,0,0,0,0,0,,4,1,1,0,0,0,0,0,0,0,0,0,0,0,0,,2,0,0,0,0,1,0,,,1,0,0,0,0,0,,0,0,0,0,0,0,0,,1,0,0,0,0,0,,0,0,0,0,0,0,0,,22,0,,0,1,,90,90,0,0,0,0,359,0,,,,,,,,,2
1485-4,42,4,,0,0,0,0,1,1,1,0,0,0,0,,1,0,0,0,0,0,0,,1,1,,1,0,0,0,0,0,0,,1,0,0,0,0,0,0,,4,2,2,0,0,0,0,0,0,0,0,0,0,0,0,,2,0,0,0,0,1,0,,,1,0,0,0,0,0,,0,0,0,0,0,0,0,,1,0,0,0,0,0,,0,0,0,0,0,0,0,,22,0,,0,1,,90,90,0,0,0,0,408,0,,,,,,,,,2
1485-5,42,5,,0,0,0,0,1,1,1,0,1,0,0,,1,0,0,0,0,0,0,,1,1,,1,0,0,0,0,0,0,,1,0,0,0,0,0,0,,4,2,2,0,0,0,0,0,0,0,0,0,0,0,0,,2,0,0,0,0,1,0,,,2,0,0,0,0,0,,0,0,0,0,0,0,0,,2,0,0,0,0,0,,0,0,0,0,0,0,0,,22,0,,0,2,,90,90,0,0,0,0,367,0,,,,,,,,,2
1485-6,42,6,,0,0,0,0,1,1,1,0,1,0,0,,2,0,0,0,0,0,0,,1,1,,2,0,0,0,0,0,0,,2,0,0,0,0,0,0,,4,2,2,0,0,0,0,0,0,0,0,0,0,0,0,,2,0,0,0,0,1,0,,,2,0,0,0,0,0,,0,0,0,0,0,0,0,,2,0,0,0,0,0,,0,0,0,0,0,0,0,,22,0,,0,2,,90,90,0,0,0,0,381,0,,,,,,,,,2
1485-7,42,7,1,0,0,1,1,1,1,1,0,1,0,0,,2,0,0,0,0,0,0,,2,2,,2,0,0,0,0,0,0,,2,0,0,0,0,0,0,,1,2,2,0,0,0,0,0,0,0,0,0,0,0,0,,2,0,0,0,0,1,0,,,2,0,0,0,0,0,,0,0,0,0,0,0,0,,2,0,0,0,0,0,,0,0,0,0,0,0,0,,26,1,1,0,2,,90,90,90,90,0,0,369,0,,,,,,,,,2
1485-8,42,8,,0,0,1,1,1,1,1,0,1,0,0,,2,0,0,0,0,0,0,,2,2,,2,0,0,0,0,0,0,,2,0,0,0,0,0,0,,4,2,2,0,0,0,0,0,0,0,0,0,0,0,0,,2,0,0,0,0,1,0,,,2,0,0,0,0,0,,0,0,0,0,0,0,0,,2,0,0,0,0,0,,0,0,0,0,0,0,0,,26,1,1,0,2,,90,90,90,0,0,0,328,0,,,,,,,,,2
1485-9,42,9,,0,0,1,1,1,1,1,0,1,0,0,,2,0,0,0,0,0,0,,2,2,,2,0,0,0,0,0,0,,2,0,0,0,0,0,0,,4,2,2,0,0,0,0,0,0,0,0,0,0,0,0,,2,0,0,0,0,1,0,,,2,0,0,0,0,0,,0,0,0,0,0,0,0,,2,0,0,0,0,0,,0,0,0,0,0,0,0,,26,1,1,0,2,,90,90,90,0,0,0,309,0,,,,,,,,,2
1485-10,42,10,,0,0,1,1,1,1,1,0,1,0,0,,2,0,0,0,0,0,0,,2,2,,2,0,0,0,0,0,0,,2,0,0,0,0,0,0,,4,2,2,0,0,0,0,0,0,0,0,0,0,0,0,,2,0,0,0,0,1,0,,,2,0,0,0,0,0,,0,0,0,0,0,0,0,,2,0,0,0,0,0,,0,0,0,0,0,0,0,,26,1,1,0,2,,90,90,90,0,0,0,338,0,,,,,,,,,2
1485-11,42,11,,0,0,1,1,1,1,1,0,1,0,0,,2,0,0,0,0,0,0,,2,2,,2,0,0,0,0,0,0,,2,0,0,0,0,0,0,,4,2,2,0,0,0,0,0,0,0,0,0,0,0,0,,2,0,0,0,0,1,0,,,3,1,0,0,1,0,,0,0,0,1,0,0,0,,3,1,0,0,1,0,,0,1,0,1,0,0,0,,26,1,1,0,2,,90,90,90,0,0,0,288,0,,,,,,,,,2
1485-12,42,12,,1,0,1,1,1,1,1,0,1,1,0,,2,0,0,0,0,0,0,,2,2,,2,0,0,0,0,0,0,,2,0,0,0,0,0,0,,4,2,2,0,0,0,0,0,0,0,0,0,0,0,0,,2,0,0,0,0,1,0,,,2,0,0,0,0,0,,0,0,0,0,0,0,0,,2,0,0,0,0,0,,0,0,0,0,0,0,0,,26,0,,1,2,,40,40,60,70,80,0,349,0,,,,,,,,,2
1485-13,42,13,,0,0,1,1,1,1,1,0,1,0,0,,3,1,0,0,0,1,0,,3,3,3,3,1,0,0,1,1,0,,3,0,1,0,0,0,0,,4,3,3,1,1,0,0,0,0,0,0,0,0,0,0,,1,0,0,0,1,0,0,,,3,0,0,1,1,0,,0,0,0,0,0,0,1,Tracking is through Pyxis,3,0,0,1,1,0,,0,0,0,0,0,0,1,Tracked by Pyxis report,26,1,1,0,2,,50,60,60,0,80,0,366,1,3,3,2,1,0,2,3,,2
1485-14,42,14,,0,0,1,1,1,1,1,0,1,1,0,,3,1,0,0,0,1,0,,3,3,3,3,1,0,1,1,1,0,,3,0,1,0,0,0,0,,4,3,3,1,1,0,0,0,0,0,0,0,0,0,0,,1,0,0,0,1,0,0,,,3,1,0,1,1,0,,1,0,0,1,1,0,0,,3,1,0,1,1,0,,1,0,0,1,1,0,0,,26,1,2,2,2,,70,60,80,0,0,0,389,1,3,2,4,3,0,0,3,,2
1485-15,42,15,,0,1,1,1,1,1,1,0,1,1,0,,3,1,0,0,0,1,0,,3,3,1,3,1,0,1,1,1,0,,3,0,1,0,1,1,0,,4,3,3,1,1,0,0,0,0,0,0,0,0,0,0,,1,0,0,0,1,0,0,,,3,1,0,1,1,0,,0,0,0,0,1,0,0,,3,0,0,1,1,0,,0,0,0,1,0,0,0,,26,1,2,2,2,,70,70,80,0,0,0,334,1,3,,5,4,0,0,4,,0
1485-16,42,16,1,1,0,1,1,1,1,1,0,1,1,0,,3,1,0,0,0,1,0,,3,3,3,3,1,0,1,1,1,0,,3,0,1,0,1,1,0,,4,3,3,1,1,0,0,0,0,0,0,0,0,0,0,,1,0,0,0,1,0,0,,,3,1,0,1,0,0,,1,0,0,1,0,0,0,,2,0,0,0,0,0,,0,0,0,0,0,0,0,,26,1,2,2,2,,80,70,0,0,0,0,384,1,3,5,4,4,0,0,2,,2
1485-17,42,17,1,1,0,1,1,1,1,1,0,1,1,0,,3,1,0,0,0,1,0,,3,3,3,3,1,0,0,1,1,0,,3,0,1,0,1,1,0,,4,3,3,1,1,0,0,0,0,0,0,0,0,0,0,,1,0,0,0,0,0,1,,,2,0,0,0,0,0,,0,0,0,0,0,0,0,,2,0,0,0,0,0,,0,0,0,0,0,0,0,,26,1,2,2,2,,0,0,0,0,0,0,410,1,3,6,4,5,0,0,4,,2
1485-18,42,18,1,1,0,1,1,1,1,1,0,1,1,0,,3,1,0,0,0,1,0,,3,3,3,3,1,0,1,1,1,0,,3,0,1,0,1,1,0,,4,3,3,1,1,0,0,0,0,0,0,0,0,0,0,,1,0,0,0,0,0,1,,,2,0,0,0,0,0,,0,0,0,0,0,0,0,,2,0,0,0,0,0,,0,0,0,0,0,0,0,,26,1,2,2,2,,0,0,0,0,0,0,359,1,3,1,6,5,0,0,4,,2
1490-1,51,7,,0,1,1,1,1,1,1,0,1,0,0,,2,0,1,0,0,0,0,,3,3,1,3,1,0,0,1,1,0,,1,0,0,0,0,0,0,,3,3,2,1,1,1,1,1,1,1,1,1,1,1,0,,1,1,1,1,0,0,0,1,1,3,1,0,1,1,0,,0,0,1,1,1,1,0,,3,1,1,1,1,0,,0,0,1,1,1,1,0,,7,1,1,0,2,,40,70,30,50,0,0,200,1,1,2,,7,1,2,9,,2
1490-2,51,8,,0,1,1,1,1,1,1,1,1,0,0,,3,0,1,0,0,0,0,,2,2,,3,1,0,1,1,1,0,,2,0,0,0,0,0,0,,3,3,2,1,1,1,1,1,1,1,1,1,1,1,0,,1,1,1,1,0,0,0,3,1,3,0,0,1,1,0,,0,0,1,1,1,1,0,,2,0,0,0,0,0,,0,0,0,0,0,0,0,,7,2,,2,3,1,70,0,70,0,0,0,181,1,1,3,,6,1,3,8,,2
1490-3,51,9,,0,1,1,1,1,1,1,1,1,0,0,,3,0,1,0,0,0,0,,3,3,1,3,1,0,1,1,1,0,,2,0,0,0,0,0,0,,3,3,2,1,1,1,1,1,1,1,1,1,1,1,0,,1,1,1,1,0,0,0,3,1,3,0,0,1,1,0,,0,0,1,1,1,1,0,,3,0,0,1,1,0,,0,0,1,1,1,1,0,,7,0,,2,3,1,70,70,70,50,0,0,181,1,1,4,,8,1,1,9,,2
1490-4,51,11,,0,1,1,1,1,1,1,1,1,0,0,,3,0,1,0,0,0,0,,3,3,1,3,1,0,1,1,1,0,,2,0,0,0,0,0,0,,3,3,3,1,1,1,1,1,1,1,1,1,1,1,0,,1,1,1,1,0,0,0,3,1,3,0,0,1,1,0,,0,1,1,1,1,1,0,,3,0,0,1,1,0,,0,1,1,1,1,1,0,,7,1,7,2,3,1,0,0,0,50,0,0,165,1,1,5,,10,10,0,0,,2
1490-5,51,10,,0,1,1,1,1,1,1,1,1,0,0,,3,0,1,0,0,0,0,,2,3,1,3,1,0,1,1,1,0,,2,0,0,0,0,0,0,,3,3,2,1,1,1,1,1,1,1,1,1,1,1,0,,1,1,1,1,0,0,0,3,1,3,0,0,1,1,0,,0,0,1,1,1,1,0,,2,0,0,0,0,0,,0,0,0,0,0,0,0,,7,1,3,2,2,,70,70,70,50,0,0,182,1,1,5,,10,9,0,9,,2
1490-6,51,12,,0,1,1,1,1,1,1,1,1,1,0,,3,0,1,0,0,0,0,,3,3,1,3,1,0,1,1,1,0,,3,1,0,1,1,1,0,,3,3,3,1,1,1,1,1,1,1,1,1,1,1,0,,1,1,1,1,0,0,0,1,1,3,0,0,1,1,0,,0,1,1,1,1,1,0,,3,0,0,1,1,0,,0,0,1,1,1,1,0,,7,1,7,2,3,1,0,0,0,50,0,0,160,1,3,8,1,9,0,1,10,,2
1490-7,51,13,1,0,1,1,1,1,1,1,1,1,1,0,,3,0,1,0,0,0,0,,3,3,3,3,1,1,1,1,1,0,,3,1,1,0,1,1,0,,3,3,3,1,1,1,1,1,1,1,1,1,1,1,0,,1,1,1,1,0,0,0,1,1,3,0,0,1,1,0,,0,0,1,1,1,1,0,,3,0,0,1,1,0,,0,0,1,1,1,1,0,,7,2,,2,3,1,0,0,0,80,0,0,141,1,3,5,1,10,0,0,10,,2
1490-8,51,14,1,0,1,1,1,1,1,1,1,1,1,0,,3,0,1,0,0,0,0,,3,3,3,3,1,1,1,1,1,0,,3,1,1,0,1,1,0,,3,3,3,1,1,1,1,1,1,1,1,1,1,1,0,,1,1,1,1,0,0,0,1,1,3,0,0,1,1,0,,0,0,1,1,1,1,0,,3,0,0,1,1,0,,0,0,1,1,1,1,0,,7,2,,2,3,1,0,0,0,0,0,0,182,1,3,3,5,9,0,0,9,,2
1490-9,51,15,1,0,1,1,1,1,1,1,1,1,1,0,,3,0,1,0,0,0,0,,3,3,3,3,1,1,1,1,1,0,,3,1,1,0,1,1,0,,3,3,3,1,1,1,1,1,1,1,1,1,1,1,0,,1,1,1,1,0,0,0,1,1,3,0,0,1,1,0,,0,0,1,1,1,1,0,,3,0,0,1,1,0,,0,0,1,1,1,1,0,,7,2,,2,3,1,0,0,0,0,0,0,183,1,3,7,8,10,0,0,10,,2
1490-10,51,16,1,0,1,1,1,1,1,1,1,1,1,0,,3,0,1,0,0,0,0,,3,3,3,3,1,1,1,1,1,0,,3,1,1,0,1,1,0,,3,3,3,1,1,1,1,1,1,1,1,1,1,1,0,,1,1,1,1,0,0,0,1,1,3,0,0,1,1,0,,0,0,1,1,1,1,0,,3,0,0,1,1,0,,0,0,1,1,1,1,0,,7,2,,2,3,1,0,0,0,0,0,0,206,1,3,3,16,9,1,1,9,,2
1490-11,51,18,1,0,1,1,1,1,1,1,1,1,1,0,,3,0,1,0,0,0,0,,3,3,3,3,1,1,1,1,1,0,,3,1,1,0,1,1,0,,3,3,3,1,1,1,1,1,1,1,1,1,1,1,0,,1,1,1,1,0,0,0,1,1,3,0,0,1,1,0,,0,0,1,1,1,1,0,,3,0,0,1,1,0,,0,0,1,1,1,1,0,,7,2,,2,3,1,0,0,0,0,0,0,170,1,3,11,5,8,0,0,8,,2
1490-12,51,17,1,0,1,1,1,1,1,1,1,1,1,0,,3,0,1,0,0,0,0,,3,3,3,3,1,1,1,1,1,0,,3,1,1,0,1,1,0,,3,3,3,1,1,1,1,1,1,1,1,1,1,1,0,,1,1,1,1,0,0,0,1,1,3,0,0,1,1,0,,0,0,1,1,1,1,0,,3,0,0,1,1,0,,0,0,1,1,1,1,0,,7,2,,2,3,1,0,0,0,0,0,0,198,1,3,13,9,9,0,0,9,,2
1508-1,13,16,,1,1,1,1,1,1,1,1,1,0,0,,3,0,1,0,0,1,0,,3,3,3,2,0,0,0,0,0,0,,2,0,0,0,0,0,0,,1,3,3,0,0,0,0,0,0,0,0,0,0,0,0,,0,0,0,0,1,0,0,,,2,0,0,0,0,0,,0,0,0,0,0,0,0,,2,0,0,0,0,0,,0,0,0,0,0,0,0,,6,0,,0,2,,0,0,0,0,0,0,218,1,3,10,3,,,,,,2
1508-2,13,15,,1,1,1,1,1,1,1,1,1,0,0,,,0,1,0,0,1,0,,3,3,3,2,0,0,0,0,0,0,,2,0,0,0,0,0,0,,1,3,3,0,0,0,0,0,0,0,0,0,0,0,0,,0,0,0,0,1,0,0,,,2,0,0,0,0,0,,0,0,0,0,0,0,0,,2,0,0,0,0,0,,0,0,0,0,0,0,0,,6,0,,0,2,,0,0,0,0,0,0,196,1,3,8,5,,,,,,2
1508-3,13,14,,0,0,0,0,1,0,1,0,0,1,0,,3,0,1,0,0,1,0,,3,3,3,1,0,0,0,0,0,0,,1,0,0,0,0,0,0,,4,,,0,0,0,0,0,0,0,0,0,0,0,0,,,0,0,0,0,0,0,,,,0,0,0,0,0,,0,0,0,0,0,0,0,,,0,0,0,0,0,,0,0,0,0,0,0,0,,6,0,,0,1,,0,0,0,0,0,0,239,1,3,8,6,,,,,,2
1508-4,13,13,,0,0,0,0,1,0,1,0,0,0,0,,3,0,1,0,0,1,0,,3,3,3,1,0,0,0,0,0,0,,1,0,0,0,0,0,0,,4,,,0,0,0,0,0,0,0,0,0,0,0,0,,,0,0,0,0,0,0,,,1,0,0,0,0,0,,0,0,0,0,0,0,0,,1,0,0,0,0,0,,0,0,0,0,0,0,0,,6,0,,0,1,,0,0,0,0,0,0,145,1,3,12,7,,,,,,2
1508-5,13,17,1,1,1,1,1,1,1,1,1,1,0,0,,3,0,1,0,0,1,0,,3,3,3,2,0,0,0,0,0,0,,2,0,0,0,0,0,0,,1,2,2,0,0,0,0,0,0,0,0,0,0,0,0,,1,0,0,0,0,0,1,,,2,0,0,0,0,0,,0,0,0,0,0,0,0,,2,0,0,0,0,0,,0,0,0,0,0,0,0,,6,0,,0,2,,0,0,0,0,0,0,184,1,3,9,7,2,0,0,0,,2
1508-6,13,18,1,1,1,1,1,1,1,1,1,1,0,0,,3,0,1,0,0,1,0,,3,3,3,2,0,0,0,0,0,0,,2,0,0,0,0,0,0,,1,3,3,1,1,0,0,0,0,0,0,0,0,0,0,,0,0,0,0,1,0,0,,,2,0,0,0,0,0,,0,0,0,0,0,0,0,,2,0,0,0,0,0,,0,0,0,0,0,0,0,,6,0,,0,2,,0,0,0,0,0,0,201,1,3,7,8,2,0,0,2,,2
1508-7,13,19,1,1,1,1,1,1,1,1,1,1,0,0,,3,0,1,0,0,1,0,,3,3,3,2,0,0,0,0,0,0,,2,0,0,0,0,0,0,,1,2,2,0,0,0,0,0,0,0,0,0,0,0,0,,1,0,0,0,0,0,1,,,2,0,0,0,0,0,,0,0,0,0,0,0,0,,2,0,0,0,0,0,,0,0,0,0,0,0,0,,6,0,,1,2,,40,80,80,0,0,0,201,1,3,9,6,1,0,0,0,,2
1508-8,13,20,1,1,1,1,1,1,1,1,1,1,0,0,,3,0,1,0,0,1,0,,3,3,3,3,1,0,1,1,1,0,,3,1,1,0,1,1,0,,1,3,3,1,1,0,0,0,0,0,0,0,0,0,0,,1,0,0,0,0,0,1,,,3,1,0,0,1,0,,1,1,1,1,1,1,0,,3,0,0,1,1,0,,1,1,1,1,1,1,0,,6,2,,2,2,,0,0,0,0,0,0,190,1,3,10,8,1,0,0,2,,2
1513-1,120,1,1,1,0,1,1,1,0,0,0,0,0,0,,1,0,0,0,0,0,0,,1,1,,1,0,0,0,0,0,0,,1,0,0,0,0,0,0,,4,1,1,0,0,0,0,0,0,0,0,0,0,0,0,,2,0,0,0,0,1,0,,,1,0,0,0,0,0,,0,0,0,0,0,0,0,,1,0,0,0,0,0,,0,0,0,0,0,0,0,,0,0,,0,1,,0,0,0,0,0,0,55,0,,,,,,,,,2
1513-2,120,2,1,1,0,1,1,1,0,0,0,0,0,0,,1,0,0,0,0,0,0,,1,1,,1,0,0,0,0,0,0,,1,0,0,0,0,0,0,,4,1,1,0,0,0,0,0,0,0,0,0,0,0,0,,2,0,0,0,0,1,0,,,1,0,0,0,0,0,,0,0,0,0,0,0,0,,1,0,0,0,0,0,,0,0,0,0,0,0,0,,0,0,,0,1,,0,0,0,0,0,0,71,0,,,,,,,,,2
1513-3,120,3,1,1,0,1,1,1,0,0,0,0,0,0,,1,0,0,0,0,0,0,,1,1,,1,0,0,0,0,0,0,,1,0,0,0,0,0,0,,4,1,1,0,0,0,0,0,0,0,0,0,0,0,0,,2,0,0,0,0,1,0,,,1,0,0,0,0,0,,0,0,0,0,0,0,0,,1,0,0,0,0,0,,0,0,0,0,0,0,0,,0,0,,0,1,,0,0,0,0,0,0,60,0,,,,,,,,,2
1513-4,120,4,1,1,0,1,1,1,0,0,0,0,0,0,,1,0,0,0,0,0,0,,1,1,,1,0,0,0,0,0,0,,1,0,0,0,0,0,0,,4,1,1,0,0,0,0,0,0,0,0,0,0,0,0,,2,0,0,0,0,1,0,,,1,0,0,0,0,0,,0,0,0,0,0,0,0,,1,0,0,0,0,0,,0,0,0,0,0,0,0,,0,0,,0,1,,0,0,0,0,0,0,50,0,,,,,,,,,2
1513-5,120,5,1,1,0,1,1,1,0,0,0,0,0,0,,1,0,0,0,0,0,0,,1,1,,1,0,0,0,0,0,0,,1,0,0,0,0,0,0,,4,1,1,0,0,0,0,0,0,0,0,0,0,0,0,,2,0,0,0,0,1,0,,,1,0,0,0,0,0,,0,0,0,0,0,0,0,,1,0,0,0,0,0,,0,0,0,0,0,0,0,,0,0,,0,1,,0,0,0,0,0,0,56,0,,,,,,,,,2
1513-6,120,6,1,1,0,1,1,1,0,0,0,0,0,0,,1,0,0,0,0,0,0,,1,1,,1,0,0,0,0,0,0,,1,0,0,0,0,0,0,,4,1,1,0,0,0,0,0,0,0,0,0,0,0,0,,2,0,0,0,0,1,0,,,1,0,0,0,0,0,,0,0,0,0,0,0,0,,1,0,0,0,0,0,,0,0,0,0,0,0,0,,0,0,,0,1,,0,0,0,0,0,0,55,0,,,,,,,,,2
1513-7,120,7,1,1,0,1,1,1,0,0,0,0,0,0,,1,0,0,0,0,0,0,,1,1,,1,0,0,0,0,0,0,,1,0,0,0,0,0,0,,4,1,1,0,0,0,0,0,0,0,0,0,0,0,0,,2,0,0,0,0,1,0,,,1,0,0,0,0,0,,0,0,0,0,0,0,0,,1,0,0,0,0,0,,0,0,0,0,0,0,0,,0,0,,0,1,,0,0,0,0,0,0,52,0,,,,,,,,,2
1513-8,120,8,1,1,0,1,1,1,0,0,0,0,0,0,,1,0,0,0,0,0,0,,1,1,,1,0,0,0,0,0,0,,1,0,0,0,0,0,0,,4,1,1,0,0,0,0,0,0,0,0,0,0,0,0,,2,0,0,0,0,1,0,,,1,0,0,0,0,0,,0,0,0,0,0,0,0,,1,0,0,0,0,0,,0,0,0,0,0,0,0,,0,0,,0,1,,0,0,0,0,0,0,60,0,,,,,,,,,2
1513-9,120,9,1,1,0,1,1,1,0,0,0,0,0,0,,1,0,0,0,0,0,0,,1,1,,1,0,0,0,0,0,0,,1,0,0,0,0,0,0,,4,1,1,0,0,0,0,0,0,0,0,0,0,0,0,,2,0,0,0,0,1,0,,,1,0,0,0,0,0,,0,0,0,0,0,0,0,,1,0,0,0,0,0,,0,0,0,0,0,0,0,,0,0,,0,1,,0,0,0,0,0,0,56,0,,,,,,,,,2
1513-10,120,10,1,1,0,1,1,1,0,0,0,0,0,0,,1,0,0,0,0,0,0,,1,1,,1,0,0,0,0,0,0,,1,0,0,0,0,0,0,,4,1,1,0,0,0,0,0,0,0,0,0,0,0,0,,2,0,0,0,0,1,0,,,1,0,0,0,0,0,,0,0,0,0,0,0,0,,1,0,0,0,0,0,,0,0,0,0,0,0,0,,0,0,,0,1,,0,0,0,0,0,0,45,0,,,,,,,,,2
1513-11,120,11,1,1,0,1,1,1,0,0,0,0,0,0,,1,0,0,0,0,0,0,,1,1,,1,0,0,0,0,0,0,,1,0,0,0,0,0,0,,4,1,1,0,0,0,0,0,0,0,0,0,0,0,0,,2,0,0,0,0,1,0,,,1,0,0,0,0,0,,0,0,0,0,0,0,0,,1,0,0,0,0,0,,0,0,0,0,0,0,0,,0,0,,0,1,,0,0,0,0,0,0,60,0,,,,,,,,,2
1513-12,120,12,1,1,0,1,1,1,0,0,0,0,0,0,,1,0,0,0,0,0,0,,1,1,,1,0,0,0,0,0,0,,1,0,0,0,0,0,0,,4,1,1,0,0,0,0,0,0,0,0,0,0,0,0,,2,0,0,0,0,1,0,,,1,0,0,0,0,0,,0,0,0,0,0,0,0,,1,0,0,0,0,0,,0,0,0,0,0,0,0,,0,0,,0,1,,0,0,0,0,0,0,61,0,,,,,,,,,2
1513-13,120,13,1,1,0,1,1,1,0,0,0,0,0,0,,1,0,0,0,0,0,0,,1,1,,1,0,0,0,0,0,0,,1,0,0,0,0,0,0,,4,1,1,0,0,0,0,0,0,0,0,0,0,0,0,,2,0,0,0,0,1,0,,,1,0,0,0,0,0,,0,0,0,0,0,0,0,,1,0,0,0,0,0,,0,0,0,0,0,0,0,,0,0,,0,1,,0,0,0,0,0,0,53,0,,,,,,,,,2
1513-14,120,14,1,1,0,1,1,1,0,0,0,0,0,0,,1,0,0,0,0,0,0,,1,1,,1,0,0,0,0,0,0,,1,0,0,0,0,0,0,,4,1,1,0,0,0,0,0,0,0,0,0,0,0,0,,2,0,0,0,0,1,0,,,1,0,0,0,0,0,,0,0,0,0,0,0,0,,1,0,0,0,0,0,,0,0,0,0,0,0,0,,0,0,,0,1,,0,0,0,0,0,0,38,0,,,,,,,,,2
1513-15,120,15,1,1,0,1,1,1,0,0,0,0,0,0,,1,0,0,0,0,0,0,,1,1,,1,0,0,0,0,0,0,,1,0,0,0,0,0,0,,4,1,1,0,0,0,0,0,0,0,0,0,0,0,0,,2,0,0,0,0,1,0,,,1,0,0,0,0,0,,0,0,0,0,0,0,0,,1,0,0,0,0,0,,0,0,0,0,0,0,0,,0,0,,0,1,,0,0,0,0,0,0,46,0,,,,,,,,,2
1513-16,120,16,1,1,0,1,1,1,0,0,0,0,0,0,,1,0,0,0,0,0,0,,1,1,,1,0,0,0,0,0,0,,1,0,0,0,0,0,0,,4,1,1,0,0,0,0,0,0,0,0,0,0,0,0,,2,0,0,0,0,1,0,,,1,0,0,0,0,0,,0,0,0,0,0,0,0,,1,0,0,0,0,0,,0,0,0,0,0,0,0,,0,0,,0,1,,0,0,0,0,0,0,43,0,,,,,,,,,2
1513-17,120,17,1,1,0,1,1,1,0,0,0,0,0,0,,1,0,0,0,0,0,0,,1,1,,1,0,0,0,0,0,0,,1,0,0,0,0,0,0,,4,1,1,0,0,0,0,0,0,0,0,0,0,0,0,,2,0,0,0,0,1,0,,,1,0,0,0,0,0,,0,0,0,0,0,0,0,,1,0,0,0,0,0,,0,0,0,0,0,0,0,,0,0,,0,1,,0,0,0,0,0,0,57,0,,,,,,,,,2
1513-18,120,18,1,1,0,1,1,1,0,0,0,0,0,0,,1,0,0,0,0,0,0,,1,1,,1,0,0,0,0,0,0,,1,0,0,0,0,0,0,,4,1,1,0,0,0,0,0,0,0,0,0,0,0,0,,2,0,0,0,0,1,0,,,1,0,0,0,0,0,,0,0,0,0,0,0,0,,1,0,0,0,0,0,,0,0,0,0,0,0,0,,0,0,,0,1,,0,0,0,0,0,0,51,0,,,,,,,,,2
1516-1,43,14,,0,0,0,0,1,1,1,0,0,0,0,,1,0,0,0,0,0,0,,1,1,,1,0,0,0,0,0,0,,1,0,0,0,0,0,0,,4,1,1,0,0,0,0,0,0,0,0,0,0,0,0,,2,0,0,0,0,1,0,,,1,0,0,0,0,0,,0,0,0,0,0,0,0,,1,0,0,0,0,0,,0,0,0,0,0,0,0,,1,0,,0,1,,0,0,0,0,0,0,16,0,,,,,,,,,2
1516-2,43,13,,0,0,0,0,1,1,1,0,0,0,0,,1,0,0,0,0,0,0,,1,1,,1,0,0,0,0,0,0,,1,0,0,0,0,0,0,,4,1,1,0,0,0,0,0,0,0,0,0,0,0,0,,2,0,0,0,0,1,0,,,1,0,0,0,0,0,,0,0,0,0,0,0,0,,1,0,0,0,0,0,,0,0,0,0,0,0,0,,1,0,,0,1,,0,0,0,0,0,0,11,0,,,,,,,,,2
1516-3,43,15,,0,0,0,0,1,1,1,0,0,0,0,,1,0,0,0,0,0,0,,1,1,,1,0,0,0,0,0,0,,1,0,0,0,0,0,0,,4,1,1,0,0,0,0,0,0,0,0,0,0,0,0,,2,0,0,0,0,1,0,,,1,0,0,0,0,0,,0,0,0,0,0,0,0,,1,0,0,0,0,0,,0,0,0,0,0,0,0,,1,0,,0,2,,0,90,0,90,90,0,8,0,,,,,,,,,2
1516-4,43,16,,1,0,1,1,1,1,1,1,1,0,1,coding,2,0,0,0,0,0,0,,2,2,,1,0,0,0,0,0,0,,1,0,0,0,0,0,0,,4,2,2,0,0,0,0,0,0,0,0,0,0,0,0,,2,0,0,0,0,1,0,,,1,0,0,0,0,0,,0,0,0,0,0,0,0,,1,0,0,0,0,0,,0,0,0,0,0,0,0,,1,0,,0,2,,0,0,0,90,90,0,14,0,,,,,,,,,2
1516-5,47,17,1,1,0,1,1,1,1,1,1,0,0,0,,2,0,0,0,0,0,0,,2,3,3,2,0,0,0,0,0,0,,2,0,0,0,0,0,0,,2,3,3,1,1,0,0,0,0,0,0,0,0,0,0,,2,0,0,0,0,1,0,,,2,0,0,0,0,0,,0,0,0,0,0,0,0,,2,0,0,0,0,0,,0,0,0,0,0,0,0,,1,2,,0,2,,0,0,0,30,20,0,14,0,,,,,,,,,2
1516-6,47,6,1,1,0,1,1,1,1,1,1,1,0,0,,3,1,0,0,0,1,0,,3,2,,2,0,0,0,0,0,0,,2,0,0,0,0,0,0,,2,2,2,0,0,0,0,0,0,0,0,0,0,0,0,,2,0,0,0,0,1,0,,,1,0,0,0,0,0,,0,0,0,0,0,0,0,,1,0,0,0,0,0,,0,0,0,0,0,0,0,,1,0,,0,2,,0,0,0,20,20,0,12,0,,,,,,,,,2
1516-7,47,19,1,1,0,1,1,1,1,1,1,1,0,0,,3,1,0,0,0,1,0,,3,3,3,2,0,0,0,0,0,0,,2,0,0,0,0,0,0,,2,3,3,1,1,0,0,0,0,0,0,0,0,0,0,,2,0,0,0,0,1,0,,,2,0,0,0,0,0,,0,0,0,0,0,0,0,,2,0,0,0,0,0,,0,0,0,0,0,0,0,,1,2,,1,2,,0,0,0,20,20,0,11,0,,,,,,,,,2
1518-1,28,15,,1,0,1,0,1,0,1,0,0,0,0,,3,1,1,0,0,0,0,,3,3,3,3,1,1,1,1,0,0,,3,1,1,1,1,0,0,,4,3,3,1,1,1,0,0,0,0,0,0,0,0,0,,1,0,0,0,0,0,1,,,3,1,0,0,0,0,,1,1,1,1,1,1,0,,3,1,0,0,0,0,,0,1,1,1,1,1,0,,2,1,2,1,3,1,0,0,0,0,0,0,281,1,3,36,44,8,0,1,10,,2
1518-2,28,10,,1,0,1,1,1,0,1,0,0,0,0,,3,1,1,0,0,0,1,copper,3,3,3,3,1,1,1,1,0,0,,3,1,1,1,1,1,0,,4,3,3,1,1,1,0,0,0,0,0,0,0,0,0,,1,0,0,0,0,0,1,,,3,1,0,0,0,0,,0,1,1,1,1,1,0,,3,1,0,0,0,0,,0,1,1,1,1,1,0,,2,1,2,1,3,1,0,0,0,0,0,0,292,1,3,17,17,10,0,0,10,,2
1518-3,28,11,,1,0,1,0,1,0,1,0,0,0,0,,3,1,1,0,0,0,0,,3,3,3,3,1,1,1,1,1,0,,3,1,1,1,1,1,0,,4,3,3,1,1,1,0,0,0,0,0,0,0,0,0,,1,0,0,0,0,0,1,,,3,1,0,0,0,0,,0,1,1,1,1,1,0,,3,1,0,0,0,0,,0,1,1,1,1,1,0,,2,1,2,1,3,1,0,0,0,0,0,0,225,1,3,9,15,8,0,1,10,,2
1518-4,28,12,,1,0,1,0,1,0,1,0,0,0,0,,3,1,1,0,0,0,0,,3,3,3,3,1,1,1,1,1,0,,3,1,1,1,1,1,0,,4,3,3,1,1,1,0,0,0,0,0,0,0,0,0,,1,0,0,0,0,0,1,,,3,1,0,0,0,0,,0,1,1,1,1,1,0,,3,1,0,0,0,0,,0,1,1,1,1,1,0,,2,1,2,1,3,1,0,0,0,0,0,0,270,1,3,24,11,9,0,0,10,,2
1518-5,28,13,,1,0,1,0,1,0,1,0,0,0,0,,3,1,1,0,0,0,0,,3,3,3,3,1,1,1,1,1,0,,3,1,1,1,1,1,0,,4,3,3,1,1,1,0,0,0,0,0,0,0,0,0,,1,0,0,0,0,0,1,,,3,1,0,0,0,0,,0,1,1,1,1,1,0,,3,1,0,0,0,0,,0,1,1,1,1,1,0,,2,1,2,1,3,1,0,0,0,0,0,0,292,1,3,16,6,10,0,0,10,,2
1518-6,28,14,,1,0,1,0,1,0,1,0,0,0,0,,3,1,1,0,0,0,0,,3,3,3,3,1,1,1,1,1,0,,3,1,1,1,1,1,0,,4,3,3,1,1,1,0,0,0,0,0,0,0,0,0,,1,0,0,0,0,0,1,,,3,1,0,0,0,0,,0,1,1,1,1,1,0,,3,1,0,0,0,0,,0,1,1,1,1,1,0,,2,1,2,1,3,1,0,0,0,0,0,0,295,1,3,23,14,10,0,0,10,,2
1518-7,28,16,,1,0,1,0,1,0,1,0,0,0,0,,3,1,1,0,0,0,0,,3,3,3,3,1,1,1,1,1,0,,3,1,1,1,1,1,0,,4,3,3,1,1,1,0,0,0,0,0,0,0,0,0,,1,0,0,0,0,0,1,,,3,1,0,0,0,0,,0,1,1,1,1,1,0,,3,1,0,0,0,0,,0,1,1,1,1,1,0,,2,1,2,1,3,1,70,70,70,0,0,0,344,1,3,33,15,10,0,0,10,,2
1518-8,28,17,1,1,0,1,1,1,0,1,0,1,1,0,,3,1,1,0,0,0,0,,3,3,3,3,1,1,1,1,1,0,,3,1,1,1,1,1,0,,4,3,3,1,1,1,0,0,0,0,0,0,0,0,0,,1,0,0,0,0,0,1,,,3,1,0,0,0,0,,0,1,1,1,1,0,0,,3,1,0,0,0,0,,0,1,1,1,1,1,0,,2,2,,1,3,1,80,80,80,0,0,0,332,1,3,19,16,10,0,1,10,,2
1518-9,28,18,1,1,0,1,1,1,0,1,0,1,1,0,,3,1,1,0,0,0,0,,3,3,3,3,1,1,1,1,1,0,,3,1,1,1,1,1,0,,4,3,3,1,1,1,0,0,0,0,0,0,0,0,0,,1,0,0,0,0,0,1,,,3,1,0,0,0,0,,0,1,1,1,1,1,0,,3,1,0,0,0,0,,0,1,1,1,1,1,0,,2,2,,1,3,1,80,80,80,0,0,0,321,1,3,18,20,10,0,0,10,,2
1518-10,28,19,1,1,0,1,1,1,0,1,0,1,1,0,,3,1,1,0,0,0,0,,3,3,3,3,1,1,1,1,1,0,,3,1,1,1,1,1,0,,4,3,3,1,1,1,0,0,0,0,0,0,0,0,0,,1,0,0,0,0,0,1,,,3,1,0,0,0,0,,0,1,1,1,1,1,0,,3,1,0,0,0,0,,0,1,1,1,1,1,0,,2,2,,1,3,1,80,80,80,0,0,0,291,1,3,12,11,10,0,0,10,,2
1518-11,28,20,1,1,0,1,1,1,0,1,0,1,1,0,,3,1,1,0,0,0,0,,3,3,3,3,1,1,1,1,1,0,,3,1,1,1,1,1,0,,4,3,3,1,1,1,0,0,0,0,0,0,0,0,0,,1,0,0,0,0,0,1,,,3,1,0,0,0,0,,0,1,1,1,1,1,0,,3,1,0,0,0,0,,0,1,1,1,1,1,0,,2,2,,1,3,1,80,80,80,0,0,0,311,1,3,15,20,8,0,0,10,,2
1519-1,69,18,1,0,0,0,0,1,0,1,0,0,0,0,,1,0,0,0,0,0,0,,1,1,,1,0,0,0,0,0,0,,1,0,0,0,0,0,0,,4,1,1,0,0,0,0,0,0,0,0,0,0,0,0,,2,0,0,0,0,1,0,,,1,0,0,0,0,0,,0,0,0,0,0,0,0,,1,0,0,0,0,0,,0,0,0,0,0,0,0,,0,0,,0,1,,0,0,0,0,0,0,112,0,,,,,,,,,2
1519-2,69,13,1,0,0,0,0,1,0,1,0,0,0,0,,1,0,0,0,0,0,0,,1,1,,1,0,0,0,0,0,0,,1,0,0,0,0,0,0,,4,1,1,0,0,0,0,0,0,0,0,0,0,0,0,,2,0,0,0,0,1,0,,,1,0,0,0,0,0,,0,0,0,0,0,0,0,,1,0,0,0,0,0,,0,0,0,0,0,0,0,,0,0,,0,1,,0,0,0,0,0,0,115,0,,,,,,,,,2
1519-3,69,14,1,0,0,0,0,1,0,1,0,0,0,0,,1,0,0,0,0,0,0,,1,1,,1,0,0,0,0,0,0,,1,0,0,0,0,0,0,,4,1,1,0,0,0,0,0,0,0,0,0,0,0,0,,2,0,0,0,0,1,0,,,1,0,0,0,0,0,,0,0,0,0,0,0,0,,1,0,0,0,0,0,,0,0,0,0,0,0,0,,0,0,,0,1,,0,0,0,0,0,0,131,0,,,,,,,,,2
1519-4,69,15,1,0,0,0,0,1,0,1,0,0,0,0,,1,0,0,0,0,0,0,,1,1,,1,0,0,0,0,0,0,,1,0,0,0,0,0,0,,4,1,1,0,0,0,0,0,0,0,0,0,0,0,0,,2,0,0,0,0,1,0,,,1,0,0,0,0,0,,0,0,0,0,0,0,0,,1,0,0,0,0,0,,0,0,0,0,0,0,0,,0,0,,0,1,,0,0,0,0,0,0,118,0,,,,,,,,,2
1519-5,69,16,1,0,0,0,0,1,0,1,0,0,0,0,,1,0,0,0,0,0,0,,1,1,,1,0,0,0,0,0,0,,1,0,0,0,0,0,0,,4,1,1,0,0,0,0,0,0,0,0,0,0,0,0,,2,0,0,0,0,1,0,,,1,0,0,0,0,0,,0,0,0,0,0,0,0,,1,0,0,0,0,0,,0,0,0,0,0,0,0,,0,0,,0,1,,0,0,0,0,0,0,127,0,,,,,,,,,2
1519-6,69,17,1,0,0,0,0,1,0,1,0,0,0,0,,1,0,0,0,0,0,0,,1,1,,1,0,0,0,0,0,0,,1,0,0,0,0,0,0,,4,1,1,0,0,0,0,0,0,0,0,0,0,0,0,,2,0,0,0,0,1,0,,,1,0,0,0,0,0,,0,0,0,0,0,0,0,,1,0,0,0,0,0,,0,0,0,0,0,0,0,,0,0,,0,1,,0,0,0,0,0,0,137,0,,,,,,,,,2
1522-1,25,13,,0,0,0,0,1,0,0,0,0,0,0,,1,0,0,0,0,0,0,,1,1,,1,0,0,0,0,0,0,,1,0,0,0,0,0,0,,4,1,1,0,0,0,0,0,0,0,0,0,0,0,0,,2,0,0,0,0,1,0,,,1,0,0,0,0,0,,0,0,0,0,0,0,0,,1,0,0,0,0,0,,0,0,0,0,0,0,0,,0,0,,0,1,,0,0,0,0,0,0,31,0,,,,,,,,,2
1522-2,25,14,,0,0,0,0,1,0,1,0,0,0,0,,1,0,0,0,0,0,0,,1,1,,1,0,0,0,0,0,0,,1,0,0,0,0,0,0,,4,1,1,0,0,0,0,0,0,0,0,0,0,0,0,,2,0,0,0,0,1,0,,,1,0,0,0,0,0,,0,0,0,0,0,0,0,,1,0,0,0,0,0,,0,0,0,0,0,0,0,,7,0,,0,1,,0,0,0,0,0,0,25,0,,,,,,,,,2
1522-3,25,15,,1,0,1,1,1,1,1,1,0,0,0,,1,0,0,0,0,0,0,,1,1,,1,0,0,0,0,0,0,,1,0,0,0,0,0,0,,4,1,1,0,0,0,0,0,0,0,0,0,0,0,0,,2,0,0,0,0,1,0,,,1,0,0,0,0,0,,0,0,0,0,0,0,0,,1,0,0,0,0,0,,0,0,0,0,0,0,0,,7,0,,0,1,,0,0,0,0,0,0,21,0,,,,,,,,,2
1522-4,25,16,,1,0,1,1,1,1,1,1,0,0,0,,1,0,0,0,0,0,0,,1,1,,1,0,0,0,0,0,0,,1,0,0,0,0,0,0,,4,1,1,0,0,0,0,0,0,0,0,0,0,0,0,,2,0,0,0,0,1,0,,,1,0,0,0,0,0,,0,0,0,0,0,0,0,,1,0,0,0,0,0,,0,0,0,0,0,0,0,,7,0,,0,1,,0,0,0,0,0,0,16,0,,,,,,,,,2
1522-5,25,17,1,1,0,1,1,1,1,1,1,1,0,0,,1,0,0,0,0,0,0,,1,1,,1,0,0,0,0,0,0,,1,0,0,0,0,0,0,,4,1,1,0,0,0,0,0,0,1,0,0,0,0,0,,1,0,0,1,0,0,0,,1,1,0,0,0,0,0,,0,0,0,0,0,0,0,,1,0,0,0,0,0,,0,0,0,0,0,0,0,,7,0,,0,1,,0,90,0,0,0,0,20,0,,,,,,,,,2
1522-6,25,18,1,1,1,1,1,1,1,1,1,1,1,0,,1,0,0,0,0,0,0,,1,2,,2,0,0,0,0,0,0,,2,0,0,0,0,0,0,,4,2,2,0,0,0,0,0,0,0,0,0,0,0,0,,2,0,0,0,0,1,0,,,2,0,0,0,0,0,,0,0,0,0,0,0,0,,2,0,0,0,0,0,,0,0,0,0,0,0,0,,7,0,,0,1,,0,90,0,0,90,0,16,0,,,,,,,,,2
1522-7,25,19,1,1,1,1,1,1,1,1,1,1,1,0,,3,1,0,0,0,0,0,,3,3,3,3,1,1,0,0,0,0,,3,1,1,0,0,0,0,,4,3,3,1,1,0,0,0,0,0,0,0,0,0,0,,1,0,0,0,0,0,1,,,3,1,0,0,0,1,Health History,0,0,1,1,0,1,0,,2,0,0,0,0,0,,0,0,0,0,0,0,0,,7,1,7,1,3,1,0,0,0,0,0,0,9,0,,,,,,,,,2
1522-8,25,,,0,0,0,0,0,0,0,0,0,0,0,,,0,0,0,0,0,0,,,,,,0,0,0,0,0,0,,,0,0,0,0,0,0,,,,,0,0,0,0,0,0,0,0,0,0,0,0,,,0,0,0,0,0,0,,,,0,0,0,0,0,,0,0,0,0,0,0,0,,,0,0,0,0,0,,0,0,0,0,0,0,0,,,,,,,,,,,,,,,,,,,,,,,,0
1522-9,25,20,1,1,1,1,1,1,1,1,1,1,1,0,,3,1,0,0,0,0,0,,3,3,3,3,1,1,1,1,1,0,,3,1,1,1,1,1,0,,4,3,3,1,1,1,0,0,0,0,0,0,0,0,0,,1,0,1,0,0,0,0,1,,3,1,0,1,0,0,,0,0,1,1,1,0,0,,3,1,0,1,0,0,,0,0,1,1,1,0,0,,6,1,6,2,3,1,0,0,0,0,0,0,18,0,,,,,,,,,2
1522-10,25,21,1,1,1,1,1,1,1,1,1,1,1,0,,3,1,0,0,0,0,0,,3,3,3,3,1,1,1,1,1,0,,3,1,1,1,1,1,0,,4,3,3,1,1,1,0,0,0,0,0,0,0,0,0,,1,0,1,0,0,0,0,1,,3,1,0,1,0,0,,0,0,1,1,1,0,0,,3,1,0,1,0,0,,0,0,1,1,1,0,0,,6,2,,2,3,1,0,0,0,0,0,0,18,0,,,,,,,,,2
1524-1,44,13,,0,0,0,0,0,0,0,0,0,0,1,none,1,0,0,0,0,0,0,,1,1,,1,0,0,0,0,0,0,,1,0,0,0,0,0,0,,4,1,1,0,0,0,0,0,0,0,0,0,0,0,0,,2,0,0,0,0,1,0,,,1,0,0,0,0,0,,0,0,0,0,0,0,0,,1,0,0,0,0,0,,0,0,0,0,0,0,0,,0,0,,0,1,,0,0,0,0,0,0,225,0,,,,,,,,,2
1524-2,44,14,,0,0,0,0,0,0,0,0,0,0,1,none,1,0,0,0,0,0,0,,1,1,,1,0,0,0,0,0,0,,1,0,0,0,0,0,0,,4,1,1,0,0,0,0,0,0,0,0,0,0,0,0,,2,0,0,0,0,1,0,,,1,0,0,0,0,0,,0,0,0,0,0,0,0,,1,0,0,0,0,0,,0,0,0,0,0,0,0,,0,0,,0,1,,0,0,0,0,0,0,233,0,,,,,,,,,2
1524-3,44,15,,0,0,0,0,0,0,0,0,0,0,1,none,1,0,0,0,0,0,0,,1,1,,1,0,0,0,0,0,0,,1,0,0,0,0,0,0,,4,1,1,0,0,0,0,0,0,0,0,0,0,0,0,,2,0,0,0,0,1,0,,,1,0,0,0,0,0,,0,0,0,0,0,0,0,,1,0,0,0,0,0,,0,0,0,0,0,0,0,,0,0,,0,1,,0,0,0,0,0,0,252,0,,,,,,,,,2
1524-4,44,16,,0,0,1,1,1,0,1,1,0,0,1,Quality,1,0,0,0,0,0,0,,1,1,,1,0,0,0,0,0,0,,1,0,0,0,0,0,0,,4,1,1,0,0,0,0,0,0,0,0,0,0,0,0,,2,0,0,0,0,1,0,,,1,0,0,0,0,0,,0,0,0,0,0,0,0,,1,0,0,0,0,0,,0,0,0,0,0,0,0,,0,0,,0,1,,0,0,0,0,0,0,222,0,,,,,,,,,2
1524-5,44,17,1,0,0,1,1,1,0,1,1,0,0,1,Quality,2,0,0,0,0,0,0,,2,1,,2,0,0,0,0,0,0,,2,0,0,0,0,0,0,,4,3,3,1,1,1,0,0,0,0,0,0,0,0,0,,2,0,0,0,0,1,0,,,2,0,0,0,0,0,,0,0,0,0,0,0,0,,2,0,0,0,0,0,,0,0,0,0,0,0,0,,0,0,,1,2,,0,0,0,0,0,0,272,0,,,,,,,,,2
1524-6,44,18,1,0,0,1,1,1,0,1,1,0,0,1,Quality,2,0,0,0,0,0,0,,2,1,,2,0,0,0,0,0,0,,2,0,0,0,0,0,0,,4,3,3,1,1,1,0,0,0,0,0,0,0,0,0,,2,0,0,0,0,1,0,,,2,0,0,0,0,0,,0,0,0,0,0,0,0,,2,0,0,0,0,0,,0,0,0,0,0,0,0,,0,0,,1,2,,0,0,0,0,0,0,224,0,,,,,,,,,2
1525-1,5,16,,1,0,1,1,1,0,1,0,0,0,0,,2,0,0,0,0,0,0,,2,2,,1,0,0,0,0,0,0,,1,0,0,0,0,0,0,,4,2,2,0,0,0,0,0,0,0,0,0,0,0,0,,2,0,0,0,0,1,0,,,2,0,0,0,0,0,,0,0,0,0,0,0,0,,2,0,0,0,0,0,,0,0,0,0,0,0,0,,0,0,,0,1,,90,0,0,0,0,0,264,0,,,,,,,,,2
1525-2,5,15,,1,0,1,1,1,0,1,0,0,0,0,,2,0,0,0,0,0,0,,2,2,,1,0,0,0,0,0,0,,1,0,0,0,0,0,0,,4,2,2,0,0,0,0,0,0,0,0,0,0,0,0,,2,0,0,0,0,1,0,,,2,0,0,0,0,0,,0,0,0,0,0,0,0,,2,0,0,0,0,0,,0,0,0,0,0,0,0,,0,0,,0,1,,90,0,0,0,0,0,273,0,,,,,,,,,2
1525-3,5,13,1,0,0,1,1,1,0,1,0,0,0,0,,2,0,0,0,0,0,0,,2,2,,2,0,0,0,0,0,0,,2,0,0,0,0,0,0,,2,1,1,0,0,0,0,0,0,0,0,0,0,0,0,,2,0,0,0,0,1,0,,,2,0,0,0,0,0,,0,0,0,0,0,0,0,,2,0,0,0,0,0,,0,0,0,0,0,0,0,,0,0,,0,1,,0,0,0,0,0,0,230,0,,,,,,,,,2
1525-4,5,14,1,0,0,1,1,1,0,1,0,0,0,0,,2,0,0,0,0,0,0,,2,2,,2,0,0,0,0,0,0,,2,0,0,0,0,0,0,,2,1,1,0,0,0,0,0,0,0,0,0,0,0,0,,2,0,0,0,0,1,0,,,2,0,0,0,0,0,,0,0,0,0,0,0,0,,2,0,0,0,0,0,,0,0,0,0,0,0,0,,0,0,,0,1,,0,0,0,0,0,0,213,0,,,,,,,,,2
1525-5,5,17,1,0,0,1,1,1,0,1,0,0,0,0,,2,0,0,0,0,0,0,,2,2,,2,0,0,0,0,0,0,,2,0,0,0,0,0,0,,2,2,2,0,0,0,0,0,0,0,0,0,0,0,0,,2,0,0,0,0,1,0,,,2,0,0,0,0,0,,0,0,0,0,0,0,0,,2,0,0,0,0,0,,0,0,0,0,0,0,0,,0,0,,0,2,,0,0,0,0,0,0,270,0,,,,,,,,,2
1525-6,5,18,1,0,0,1,1,1,0,1,0,0,0,0,,2,0,0,0,0,0,0,,2,2,,2,0,0,0,0,0,0,,2,0,0,0,0,0,0,,2,2,2,0,0,0,0,0,0,0,0,0,0,0,0,,2,0,0,0,0,1,0,,,2,0,0,0,0,0,,0,0,0,0,0,0,0,,2,0,0,0,0,0,,0,0,0,0,0,0,0,,0,0,,0,2,,0,0,0,0,0,0,265,0,,,,,,,,,2
1526-1,52,15,,1,0,1,0,1,0,1,0,0,0,0,,3,1,1,0,0,0,0,,2,3,1,3,1,1,1,0,0,0,,2,0,0,0,0,0,0,,4,2,2,0,0,0,0,0,0,0,0,0,0,0,0,,1,0,0,0,0,0,0,,,2,0,0,0,0,0,,0,0,0,0,0,0,0,,3,0,0,0,0,1,paper documentation ,0,0,0,0,0,0,1,unable to put into EMR; paper documentation,10,2,,2,3,1,50,50,20,60,20,0,101,1,3,5,0,8,2,0,10,,2
1526-2,52,16,,1,0,1,0,1,0,1,0,0,0,0,,3,1,1,0,0,0,0,,2,3,1,3,1,1,1,0,0,0,,2,0,0,0,0,0,0,,4,2,2,0,0,0,0,0,0,0,0,0,0,0,0,,1,0,0,0,0,0,0,,,2,0,0,0,0,0,,0,0,0,0,0,0,0,,3,0,0,0,0,1,,0,0,0,0,0,0,1,unavailable to put into EMR at this time ,10,2,,2,3,1,50,50,20,60,20,0,152,1,3,5,2,7,3,0,10,,2
1526-3,52,17,1,1,0,1,0,1,0,1,0,0,0,0,,3,1,1,0,0,0,0,,2,3,1,3,1,1,1,0,0,0,,2,0,0,0,0,0,0,,4,2,2,0,0,0,0,0,0,0,0,0,0,0,0,,1,0,0,0,0,0,0,,,2,0,0,0,0,0,,0,0,0,0,0,0,0,,3,0,0,0,0,1,paper documentation,0,0,0,0,0,0,1,unable to put into EMR ,10,2,,2,3,1,50,60,50,0,50,0,131,1,3,0,0,10,0,0,10,,2
1526-4,52,18,1,1,0,1,0,1,0,1,0,0,0,0,,3,1,1,0,0,0,0,,2,3,1,3,1,1,1,0,0,0,,2,0,0,0,0,0,0,,4,2,2,0,0,0,0,0,0,0,0,0,0,0,0,,1,0,0,0,0,0,0,,,2,0,0,0,0,0,,0,0,0,0,0,0,0,,3,0,0,0,0,1,paper documentation ,0,0,0,0,0,0,1,unable to put into EMR,10,2,,2,3,1,50,60,50,0,50,0,126,1,3,4,2,9,0,0,10,,2
1526-5,52,13,1,1,0,0,0,1,0,1,0,0,0,0,,1,0,0,0,0,0,0,,1,1,,1,0,0,0,0,0,0,,1,0,0,0,0,0,0,,4,1,1,0,0,0,0,0,0,0,0,0,0,0,0,,2,0,0,0,1,0,0,,,1,0,0,0,0,0,,0,0,0,0,0,0,0,,1,0,0,0,0,0,,0,0,0,0,0,0,0,,10,0,,0,1,,0,0,0,0,0,0,91,0,,,,,,,,,2
1526-6,52,14,1,1,0,0,0,1,0,1,0,0,0,0,,3,1,1,0,0,0,0,,2,2,,2,0,0,0,0,0,0,,2,0,0,0,0,0,0,,4,2,2,0,0,0,0,0,0,0,0,0,0,0,0,,2,0,0,0,0,1,0,,,1,0,0,0,0,0,,0,0,0,0,0,0,0,,1,0,0,0,0,0,,0,0,0,0,0,0,0,,10,0,,0,1,,20,20,40,40,90,0,111,0,,,,,,,,,2
1526-7,52,19,1,1,0,1,0,1,0,1,0,0,0,0,,3,1,1,0,0,0,0,,2,3,1,3,1,1,1,0,0,0,,3,1,1,0,0,0,0,,4,2,1,0,0,0,0,0,0,0,0,0,0,0,0,,1,0,0,0,0,0,0,,,1,0,0,0,0,0,,0,0,0,0,0,0,0,,1,0,0,0,0,0,,0,0,0,0,0,0,0,,10,2,,2,3,1,0,0,60,0,50,0,134,1,3,1,2,7,2,0,9,,2
1528-1,92,13,1,1,0,0,1,1,0,0,0,0,0,0,,1,0,0,0,0,0,0,,1,1,,1,0,0,0,0,0,0,,1,0,0,0,0,0,0,,3,1,3,1,0,0,0,0,0,0,0,0,0,0,0,,0,0,0,0,0,1,0,,,1,0,0,0,0,0,,0,0,0,0,0,0,0,,1,0,0,0,0,0,,0,0,0,0,0,0,0,,1,0,,0,1,,0,0,0,0,0,0,21,0,,,,,,,,,2
1528-2,92,14,1,1,0,0,1,1,1,0,0,0,0,0,,1,0,0,0,0,0,0,,1,1,,1,0,0,0,0,0,0,,1,0,0,0,0,0,0,,3,1,1,0,0,0,0,0,0,0,0,0,0,0,0,,2,0,0,0,0,1,0,,,1,0,0,0,0,0,,0,0,0,0,0,0,0,,1,0,0,0,0,0,,0,0,0,0,0,0,0,,1,0,,0,1,,0,0,0,90,90,0,33,0,,,,,,,,,2
1528-3,92,15,1,1,0,0,1,1,1,0,1,0,0,0,,1,0,0,0,0,0,0,,1,1,,1,0,0,0,0,0,0,,1,0,0,0,0,0,0,,3,2,2,0,0,0,0,0,0,0,0,0,0,0,0,,2,0,0,0,0,1,0,,,1,0,0,0,0,0,,0,0,0,0,0,0,0,,1,0,0,0,0,0,,0,0,0,0,0,0,0,,1,0,,0,1,,0,0,0,90,90,0,35,0,,,,,,,,,2
1528-4,92,16,1,1,0,1,1,1,1,0,1,0,0,0,,1,0,0,0,0,0,0,,1,1,,1,0,0,0,0,0,0,,1,0,0,0,0,0,0,,3,2,2,0,0,0,0,0,0,0,0,0,0,0,0,,2,0,0,0,0,1,0,,,2,0,0,0,0,0,,0,0,0,0,0,0,0,,2,0,0,0,0,0,,0,0,0,0,0,0,0,,1,0,,0,1,,0,0,0,90,90,0,45,0,,,,,,,,,2
1528-5,92,17,1,1,0,1,1,1,1,1,0,0,0,0,,2,0,0,0,0,0,0,,2,2,,2,0,0,0,0,0,0,,2,0,0,0,0,0,0,,3,3,3,1,0,0,0,0,0,0,0,0,0,0,0,,2,0,0,0,0,1,0,,,1,0,0,0,0,0,,0,0,0,0,0,0,0,,1,0,0,0,0,0,,0,0,0,0,0,0,0,,1,0,,0,1,,30,30,30,20,20,0,40,0,,,,,,,,,2
1528-6,92,18,1,1,0,1,1,1,1,1,1,0,0,0,,2,0,0,0,0,0,0,,2,2,,2,0,0,0,0,0,0,,2,0,0,0,0,0,0,,3,3,3,1,0,0,0,0,0,0,0,0,0,0,0,,2,0,0,0,0,1,0,,,2,0,0,0,0,0,,0,0,0,0,0,0,0,,2,0,0,0,0,0,,0,0,0,0,0,0,0,,1,0,,0,1,,30,30,30,30,30,0,30,0,,,,,,,,,2
